Fab,LithoCell,Stage,Wafer,FieldX,FieldY,Lot,Date,Time,Focus,ExpDose
FAB_A,LITH15,2,17,-7,-3,6V78TJ10,05/21/2017,09:00 AM,-39.73652744160897,9.967321151486813
FAB_A,LITH06,2,2,-4,6,3JZX3ZUK,11/27/2017,07:40 PM,-19.42339018173626,9.466733784324699
FAB_A,LITH02,2,20,7,-6,SKFPM6YR,05/16/2017,03:29 PM,77.05259896915155,10.212761264675523
FAB_A,LITH14,2,4,7,-1,VINI5MWO,08/10/2017,12:14 PM,-3.179968221567368,9.748476954975498
FAB_A,LITH15,2,11,-5,-3,7SCWPT3O,09/05/2017,05:53 AM,-18.461324104526796,10.645196024155267
FAB_A,LITH02,2,3,-10,-4,IM6MYI2F,11/15/2017,11:03 AM,-1.6350254109206475,9.790804397882134
FAB_A,LITH02,1,5,9,7,FMWR0NN9,10/30/2017,06:28 AM,3.020715579790639,9.928159468146875
FAB_A,LITH06,2,21,-8,5,84IWOPK5,11/08/2017,12:17 PM,-17.246830739239297,10.352583193266117
FAB_A,LITH06,2,6,6,0,FRBUU87U,07/29/2017,01:43 AM,-1.3469450869606268,10.536397999885208
FAB_A,LITH12,1,24,9,-4,6957QW85,03/14/2017,02:56 PM,4.83554939322968,10.18160322597622
FAB_A,LITH01,1,4,-4,-10,CNS6TT9M,11/19/2017,07:55 PM,36.542022735740524,9.905856116429316
FAB_A,LITH06,1,15,-9,3,8QY48Y5F,12/24/2017,11:33 AM,-9.937104689829237,10.858199670614013
FAB_A,LITH03,2,7,8,8,772WVJ7R,10/14/2017,12:45 AM,-13.946606497337303,10.254238079238371
FAB_A,LITH05,1,8,-9,7,WH7TUIMY,11/23/2017,07:37 AM,-15.69373725316336,10.121769913927219
FAB_A,LITH14,1,25,-9,9,PK23269P,12/09/2017,09:11 PM,50.71799183103084,10.245755134908562
FAB_A,LITH01,2,2,8,6,8P9DFM3Q,12/07/2017,11:08 PM,25.41041151595922,9.516806599071288
FAB_A,LITH02,2,14,-2,-8,7F1V3HYT,04/27/2017,01:27 AM,,9.935480751337971
FAB_A,LITH14,1,24,5,-10,M6SQ0FQ1,06/20/2017,12:28 PM,25.951208280652168,10.232939850384753
FAB_A,LITH01,2,7,-9,3,9W4QJ9P5,03/26/2017,07:01 AM,-0.8111370495815327,9.775343630746228
FAB_A,LITH15,1,1,3,-8,8AWX3XTF,12/19/2017,05:44 PM,29.4475316719989,10.44959061762316
FAB_A,LITH01,2,5,5,4,AC652CPN,08/08/2017,10:18 AM,43.37647200615483,10.417867776681724
FAB_A,LITH12,2,16,0,-7,63NSNF10,06/11/2017,01:38 PM,13.249209697711434,8.659977986927299
FAB_A,LITH14,1,23,-2,-2,QP2Y4O8Y,09/15/2017,03:20 AM,83.16744743287346,10.917388218585632
FAB_A,LITH14,1,18,-10,0,NVZCDYFL,03/16/2017,01:49 PM,-54.950892555707085,10.77777339875604
FAB_A,LITH06,2,5,-1,2,DBHW99TF,11/01/2017,01:21 AM,40.09478903756657,10.211838138568865
FAB_A,LITH05,2,20,2,-4,KU8VTTFS,08/25/2017,11:06 PM,-19.41503590724548,9.78491851703902
FAB_A,LITH02,2,15,9,1,IXCP8YGM,07/05/2017,09:04 PM,34.27691068602575,9.47260896336812
FAB_A,LITH03,2,11,-2,8,NHJJPBP0,03/06/2017,04:46 PM,12.408583403749176,10.947412247048934
FAB_A,LITH02,1,8,-7,-6,985715H3,12/13/2017,12:14 PM,-19.524775989417584,9.533289166717884
FAB_A,LITH02,2,2,-7,-6,EQSH2C17,10/23/2017,06:15 PM,-1.847086107418007,10.20613062830293
FAB_A,LITH06,1,10,-6,3,4UZYUXG0,03/16/2017,04:10 PM,-5.373782806680431,9.696906908124658
FAB_A,LITH01,2,9,-10,1,A0ESBGGZ,03/22/2017,07:14 PM,-4.162689047949435,9.603012770852002
FAB_A,LITH15,2,1,5,-5,B217557H,03/25/2017,12:44 AM,-16.458006715003123,9.718998493937447
FAB_A,LITH04,1,8,-1,-3,JSL4RYW8,09/24/2017,11:00 PM,0.0551041976374168,10.44381859998655
FAB_A,LITH03,1,7,-9,-1,CJVOLM9C,12/10/2017,10:48 AM,,10.43719002262484
FAB_A,LITH14,1,9,6,-2,0Q4C6AFS,01/30/2017,05:12 PM,-44.71896905540452,10.106054178923447
FAB_A,LITH01,2,9,0,-10,977E60PS,05/06/2017,05:40 AM,5.972381723946699,10.15863749069388
FAB_A,LITH12,2,25,2,9,EBAZHKZQ,09/25/2017,06:59 PM,-0.06606092987490865,10.57574829860239
FAB_A,LITH01,2,14,-2,-8,YXDB4M5Y,10/03/2017,11:55 PM,-37.321453012464595,10.523148099758869
FAB_A,LITH05,2,12,6,-3,HKCAMWBF,07/12/2017,06:04 PM,23.516529649433085,9.671337290608854
FAB_A,LITH01,2,2,-2,0,L70KMZ80,01/25/2017,11:50 PM,10.244232832401408,10.005424060740005
FAB_A,LITH01,2,22,1,1,P1EITCS5,08/19/2017,04:52 PM,12.77019559996977,11.005629227872218
FAB_A,LITH15,1,22,-8,0,NFUOK2Y6,04/02/2017,11:50 PM,-15.495858048330705,8.932171984134664
FAB_A,LITH03,1,19,0,-6,C5M86T0I,09/05/2017,12:00 PM,3.7430071227891366,10.238505117486667
FAB_A,LITH15,1,20,-3,1,2B7WXTIA,07/09/2017,06:49 AM,73.83098532655816,
FAB_A,LITH02,2,7,0,-3,SC01QBC9,11/07/2017,04:55 PM,-20.582184853048915,9.668903676002598
FAB_A,LITH01,1,4,0,9,GT6A9S8Z,03/07/2017,06:31 AM,-40.3351445430041,9.80140440268337
FAB_A,LITH14,1,3,-10,-8,H43MUU0F,01/21/2017,09:32 AM,18.446084230549335,9.920412459675092
FAB_A,LITH12,1,3,-2,-1,D4B699UZ,03/04/2017,06:37 PM,38.59012520171278,9.446124362813396
FAB_A,LITH03,2,11,9,-7,BX8BEQLQ,08/18/2017,01:52 PM,-26.641322713039873,9.561986768951074
FAB_A,LITH14,2,19,-6,8,ZJNUV32R,04/23/2017,05:10 PM,30.76637802770946,10.538223052464293
FAB_A,LITH03,2,19,9,6,TXQLB9MD,07/22/2017,02:57 AM,26.047859588764656,10.57718478858977
FAB_A,LITH01,1,24,-2,5,OJ16SVYN,10/17/2017,04:50 AM,-5.253764196548898,10.409396457762169
FAB_A,LITH03,1,21,7,4,MZI8ZLAN,04/12/2017,11:15 PM,14.931267264516194,10.76807446189524
FAB_A,LITH12,2,9,-10,5,IZXKTOPM,05/16/2017,02:32 PM,36.67762623726258,10.097269929774432
FAB_A,LITH03,1,14,3,0,IL569GAP,03/29/2017,11:20 PM,-32.13984994064322,9.706078324469425
FAB_A,LITH06,2,10,8,1,11J7RQ2I,01/01/2017,06:23 AM,-2.776971012615477,9.901934198453171
FAB_A,LITH12,1,18,6,-8,LG81IP8Q,09/21/2017,03:15 AM,12.779565047420627,9.799305786582282
FAB_A,LITH03,2,24,-3,3,84BM76T0,12/23/2017,05:25 PM,-11.803489092312788,10.025420037146358
FAB_A,LITH06,1,3,-2,-8,N2AYLAWT,05/20/2017,09:25 PM,-13.002012096401291,9.600640892665096
FAB_A,LITH15,1,20,-9,3,N4C7HDJS,05/02/2017,02:15 PM,-15.14430682143393,9.925733202800055
FAB_A,LITH05,2,18,0,-5,Q7L8JUQJ,05/26/2017,12:38 AM,-52.61676149366281,
FAB_A,LITH05,1,17,7,-8,SV92CKQB,07/02/2017,07:43 AM,18.22187967995184,10.946999912769478
FAB_A,LITH06,2,23,5,3,OHW6KEIM,11/02/2017,01:22 PM,56.270411490022646,9.534674780167682
FAB_A,LITH03,1,2,2,-9,PX5TNNRW,05/12/2017,12:07 AM,70.73183432494089,9.322372556324
FAB_A,LITH05,2,10,3,7,GWTV8KMU,12/20/2017,04:57 AM,-27.357695434608488,9.734345558076301
FAB_A,LITH01,2,8,2,-2,0WRHQLZB,04/06/2017,08:17 AM,12.556922233546667,10.428014647792057
FAB_A,LITH04,1,15,-6,4,EULPRZOY,08/28/2017,07:10 AM,-11.237315578290795,10.416667311552974
FAB_A,LITH06,2,12,1,2,4ICGZWFU,10/09/2017,08:37 PM,9.457901488833992,10.571148091059742
FAB_A,LITH12,1,21,-9,8,NJ6A49JP,05/12/2017,06:11 AM,6.537749405154733,10.600759100815166
FAB_A,LITH15,1,5,-2,5,A8TV1KCS,11/27/2017,11:21 PM,33.2173474044148,10.413536086293238
FAB_A,LITH01,1,11,-5,-7,AOIY6UKT,02/08/2017,04:33 AM,43.180949185090114,9.598969610562206
FAB_A,LITH01,2,8,2,-2,OKNFUWVE,09/24/2017,07:04 AM,-23.939222139715103,10.082659808052574
FAB_A,LITH06,1,13,-9,-3,4X4BM8JN,07/06/2017,05:59 AM,26.92049297371074,10.443695798127367
FAB_A,LITH01,2,8,-8,5,94TYL9N8,03/01/2017,05:18 PM,-3.2605538505528684,10.387533034570527
FAB_A,LITH15,2,19,-4,-5,2YJK2JA4,02/03/2017,06:42 PM,13.047039660839078,10.31287290616408
FAB_A,LITH12,1,4,3,4,UZY337EA,12/06/2017,02:15 PM,-1.4723127414714372,9.533133933232573
FAB_A,LITH06,1,4,-9,-8,XQJFLGXE,01/05/2017,04:15 PM,-18.519338767483593,10.764209665448332
FAB_A,LITH03,1,25,9,6,V0L1KOVT,06/28/2017,12:03 PM,-0.35696681033874367,9.748689828024137
FAB_A,LITH01,1,21,1,-1,9G4BTMEM,10/14/2017,11:10 AM,27.57509228776381,9.770016573128768
FAB_A,LITH05,2,11,-8,6,XT8TY9O3,01/21/2017,05:11 PM,7.587548596678372,9.380048672954748
FAB_A,LITH01,1,19,-6,7,GHJ4PF83,01/21/2017,07:21 PM,7.367138616427053,10.27710751300879
FAB_A,LITH05,2,15,-7,-2,7UX6TWYN,02/24/2017,01:00 AM,9.807818067584407,10.598299730879098
FAB_A,LITH03,2,25,0,4,0T9F766X,12/12/2017,09:37 AM,-33.79447613294758,10.273315374856224
FAB_A,LITH01,1,24,7,9,6A80DIMO,10/10/2017,11:14 PM,2.2207045967660783,10.24600428865228
FAB_A,LITH03,1,7,5,6,JOCMLI5P,03/21/2017,05:51 PM,5.907427562513648,9.88982440748209
FAB_A,LITH02,2,15,-9,2,SL36KG5W,05/19/2017,09:54 PM,-2.4092722910815643,9.031652300614242
FAB_A,LITH03,2,23,8,-10,52W7SD3G,04/25/2017,09:44 AM,-13.931667860471745,9.819483883067353
FAB_A,LITH04,2,24,-9,-2,3YU0DNY6,06/16/2017,04:45 AM,-0.20605791641088916,9.890387481399598
FAB_A,LITH04,1,18,-7,4,75GF3ERI,02/01/2017,04:52 AM,-31.96438212978739,10.138618514968739
FAB_A,LITH02,1,20,-2,6,X9ZMHH54,10/06/2017,01:31 AM,36.82369984336124,9.468614672460866
FAB_A,LITH03,1,9,-8,4,4DGB5C5M,10/20/2017,06:14 PM,-76.39620604799838,
FAB_A,LITH01,1,2,-1,6,8ES6DOPS,09/27/2017,03:20 PM,24.30218702782529,9.820110507891812
FAB_A,LITH01,1,17,-10,6,P5T805V8,08/20/2017,08:44 AM,33.43972750254216,9.424277447500844
FAB_A,LITH06,1,2,-7,-8,7M0CE8IJ,07/23/2017,09:32 PM,13.05364347242001,9.669123224994939
FAB_A,LITH05,1,2,-1,-10,7JILJNZZ,02/28/2017,08:59 AM,,10.167755701936626
FAB_A,LITH15,1,18,3,0,34M13RC1,08/09/2017,01:31 PM,8.597793615123653,11.125863912615
FAB_A,LITH12,2,25,5,-3,QSLNVC4L,02/03/2017,01:08 AM,-24.360553715712918,10.930742030227531
FAB_A,LITH01,1,11,0,2,ZUP7M273,09/11/2017,07:00 PM,2.667871674723593,9.350177326831652
FAB_A,LITH05,2,11,9,6,5CJ5783S,01/02/2017,08:56 PM,-4.300814333760624,10.531269911972258
FAB_A,LITH06,1,9,-5,-10,WS5W7DVL,07/07/2017,07:39 PM,14.719571336304993,9.506808669022886
FAB_A,LITH01,1,1,9,3,YSNKC0HF,11/26/2017,09:40 PM,26.102015168832605,9.561135209032697
FAB_A,LITH12,1,3,-9,-10,AX6IZ7BJ,06/18/2017,08:19 AM,-13.93625749366399,9.782815137589996
FAB_A,LITH04,2,14,5,-2,CZPLUFGD,01/07/2017,12:10 AM,-0.9920769889407046,10.166149568975797
FAB_A,LITH04,2,16,-8,-6,INHTQM8G,10/09/2017,10:03 PM,5.950923315647317,9.573588295059732
FAB_A,LITH03,2,7,-1,5,K3X84MYK,06/02/2017,01:30 AM,-7.144745136548926,9.988603099669275
FAB_A,LITH04,2,9,0,5,B6OPWARG,02/18/2017,03:36 PM,-21.71452101240039,9.973702516640294
FAB_A,LITH15,2,3,6,-5,GUAD3VFQ,11/28/2017,03:04 PM,13.820944947478248,8.99693947241819
FAB_A,LITH06,2,24,-7,4,RNCBXLUY,01/31/2017,01:32 AM,-7.000527327898927,9.797668184972572
FAB_A,LITH04,1,23,-5,8,787NJMV3,04/26/2017,12:06 PM,41.56477832005719,9.288179794165623
FAB_A,LITH15,2,23,-5,8,GLSEQ0O1,02/15/2017,07:00 AM,1.5683743460697896,10.324235981032924
FAB_A,LITH01,2,10,2,0,8URJ30QK,03/01/2017,05:49 AM,-20.58053737742656,10.157720661372927
FAB_A,LITH12,2,3,-4,1,NY7KNL6N,11/15/2017,08:47 PM,18.042883998423356,9.441153470172761
FAB_A,LITH14,1,3,5,-5,CICJ7XLY,11/13/2017,08:53 AM,0.16605308462144902,9.761728448902968
FAB_A,LITH15,2,5,-4,1,RIK1C3YP,07/19/2017,11:47 PM,-17.41429673187098,9.714394687401256
FAB_A,LITH06,2,18,9,4,APKYAMTN,11/20/2017,04:55 AM,12.473005877313064,9.74077847456048
FAB_A,LITH04,1,1,-2,1,C946QF8J,05/11/2017,12:17 PM,3.151209849301073,10.135476054148127
FAB_A,LITH14,1,7,8,-10,25BNBMOI,04/16/2017,01:18 AM,-18.53323090565226,10.619547357331705
FAB_A,LITH01,1,5,-10,-1,ODEYUFKH,04/22/2017,06:45 AM,-14.850061890736155,9.922319302694548
FAB_A,LITH14,2,14,-5,-4,7FQLVO5C,06/26/2017,02:16 AM,4.010395422935749,10.806954146823385
FAB_A,LITH05,1,23,8,5,TZEDLNK7,01/26/2017,01:00 AM,16.306339875104406,9.927993021811343
FAB_A,LITH05,1,21,-2,-1,DBICXPV4,08/26/2017,02:55 PM,-36.05773601134277,8.903779831985737
FAB_A,LITH14,2,22,-1,-7,IAT4GWDW,08/03/2017,01:55 AM,29.944251510714064,9.920154249784174
FAB_A,LITH03,2,16,-7,-1,IBUVECUP,08/02/2017,11:13 PM,16.93251785173109,9.69981653199605
FAB_A,LITH15,1,1,4,-5,2ZV3QBOR,11/15/2017,01:10 AM,-13.29720051011067,10.368799009849846
FAB_A,LITH14,2,22,1,1,OM3SVF5O,03/20/2017,08:46 AM,-31.531022872405828,10.354510674636964
FAB_A,LITH04,1,16,8,-3,UB2NW1Z8,02/13/2017,05:11 PM,16.070673303666457,10.731137245006698
FAB_A,LITH14,2,9,5,-4,N7WWLUBX,01/16/2017,08:44 AM,12.802677381272968,10.134196805915058
FAB_A,LITH12,2,4,-7,-8,P4XPUURQ,07/02/2017,02:10 AM,-28.68418983969871,9.555258356660122
FAB_A,LITH03,1,6,8,-10,X4UL6IN7,01/02/2017,07:20 PM,7.2291280357767125,10.641366611263248
FAB_A,LITH02,2,14,-2,-8,7F1V3HYT,04/27/2017,01:27 AM,-0.5072115190758666,
FAB_A,LITH03,1,18,-3,-6,F6X5SHA1,03/06/2017,11:36 PM,-9.388195394751436,9.208527097145847
FAB_A,LITH01,1,23,9,9,KYNW3CXC,05/21/2017,04:13 PM,-61.299277382966046,
FAB_A,LITH03,1,7,-9,-1,CJVOLM9C,12/10/2017,10:48 AM,10.03370530467015,
FAB_A,LITH04,1,21,7,-3,ZKLTFMB9,09/24/2017,11:55 PM,33.5533736366013,9.564320892053535
FAB_A,LITH02,1,21,-9,-3,0I3TS5CJ,08/30/2017,05:22 AM,11.331717727567003,10.242043282699697
FAB_A,LITH05,2,22,-3,6,IUDN6PN3,10/28/2017,12:29 AM,-16.25788137393199,10.850354683508428
FAB_A,LITH03,2,5,4,5,89JOQPA6,05/22/2017,06:55 PM,-34.14928010946606,9.232419677080138
FAB_A,LITH12,2,4,-3,2,SQ2EQNJ4,03/05/2017,04:26 AM,59.436618252689854,9.391065723126747
FAB_A,LITH01,1,7,-4,1,Z51WCZSG,02/11/2017,11:26 PM,-36.988546604182645,9.472970245350556
FAB_A,LITH05,2,7,6,8,7S9W8JW8,09/18/2017,08:20 AM,2.78544392994294,10.673996519481395
FAB_A,LITH06,2,6,-1,2,BTKZTCOL,12/31/2017,10:30 AM,20.21315294585738,10.749305036452553
FAB_A,LITH05,1,3,-9,2,9FYT5W9Y,01/17/2017,04:21 PM,13.05234781275436,9.503145561391621
FAB_A,LITH05,1,22,2,-9,EDBY1OG5,02/05/2017,02:14 AM,-13.8201281722813,10.17452192487325
FAB_A,LITH03,1,23,-3,-7,C7I5BWQT,04/14/2017,11:29 AM,6.431033044910057,9.48798600929086
FAB_A,LITH02,2,16,0,-7,1ZYVU195,07/02/2017,10:53 PM,16.890553071051503,10.51502331869446
FAB_A,LITH01,2,6,-4,-8,STWBMFZS,07/25/2017,07:33 AM,-36.856874435702615,10.784685626939943
FAB_A,LITH04,2,12,-5,9,BYFIXX91,01/06/2017,12:18 PM,22.580190778849747,9.94366982918893
FAB_A,LITH01,2,11,-7,0,D0ES8H7T,10/06/2017,02:44 AM,-7.487470603515073,10.717923503966988
FAB_A,LITH06,2,15,7,-9,3QRLUGIL,03/04/2017,10:21 AM,-7.428728051455059,10.36815464887704
FAB_A,LITH03,2,23,-2,-10,2ARY73LU,06/04/2017,08:00 PM,-50.628138396468145,9.881305614222757
FAB_A,LITH01,2,10,-3,-7,WRJ12GN5,07/03/2017,11:01 AM,-0.8144252192751918,10.036001458766957
FAB_A,LITH02,2,25,-9,2,B3016C3P,04/02/2017,09:38 AM,5.0715164161257915,9.674497646872176
FAB_A,LITH01,1,25,-10,9,DQG5DKQ3,12/22/2017,06:30 AM,10.988056613215456,10.45718278204041
FAB_A,LITH01,2,18,-6,1,WDH57RGY,09/28/2017,02:30 PM,20.459255856792083,10.056223650604775
FAB_A,LITH15,1,5,2,1,IZPVQ6W5,03/16/2017,04:32 PM,-32.032442300822176,10.892720331291498
FAB_A,LITH15,1,3,-6,2,W8JS1Q0K,08/31/2017,09:15 AM,5.599833004859448,9.343153161202137
FAB_A,LITH03,1,22,7,2,3S6X96E7,05/17/2017,12:42 PM,20.864686304455496,10.180103047378863
FAB_A,LITH06,2,11,9,4,78HO1YFB,06/23/2017,08:48 PM,-9.182813660359582,10.093802986435298
FAB_A,LITH14,2,13,0,-9,53O17PP1,02/18/2017,10:50 AM,-12.954439861789153,10.092244163997453
FAB_A,LITH02,1,5,-3,3,EIFSOD81,02/25/2017,11:00 PM,-2.257780554995636,9.352550489835853
FAB_A,LITH03,2,1,-1,-1,JNZEUDCA,03/05/2017,04:55 PM,22.96831962791491,8.973843270264956
FAB_A,LITH02,1,6,-9,-10,PRTMELLR,11/14/2017,04:24 AM,-30.265621984707035,9.846661715488215
FAB_A,LITH12,2,15,9,-1,WT5W92YC,09/18/2017,02:34 PM,-6.8656674271681055,9.410369165412389
FAB_A,LITH04,1,11,-8,0,EBK01Q2W,08/04/2017,08:25 AM,-5.018950424182931,10.089678440853577
FAB_A,LITH02,2,13,3,-5,3FT1JYPY,12/13/2017,02:44 PM,-26.86657404185499,10.234068638675014
FAB_A,LITH03,2,12,0,-7,969J9BGP,02/01/2017,01:40 PM,42.001037913849345,11.119776725167068
FAB_A,LITH01,1,2,6,0,YMP1WCWE,06/14/2017,07:52 AM,8.029346076205455,9.953178658969126
FAB_A,LITH03,2,6,7,3,6BMJ23M5,10/09/2017,10:15 PM,-30.86265942981864,9.896356637950927
FAB_A,LITH12,1,8,-6,6,6M6CKIPO,06/08/2017,12:05 AM,-32.849632759810305,11.043275439433394
FAB_A,LITH02,1,1,-8,-5,W1FOZTAS,04/16/2017,03:46 AM,28.825406946711755,9.641125705319599
FAB_A,LITH04,1,5,-4,0,4UU9FHJV,12/21/2017,06:31 AM,28.43451600718796,9.46979403571453
FAB_A,LITH03,2,3,6,2,TRX4ZX3S,07/25/2017,03:56 AM,-55.529672141291044,10.224395223556035
FAB_A,LITH12,2,11,7,-9,6UX6HJI3,08/15/2017,11:55 AM,-43.76466470630754,10.37391305575775
FAB_A,LITH04,1,8,3,2,H8FCIVQ6,08/09/2017,11:06 PM,9.93406916302624,9.547830637709355
FAB_A,LITH03,2,25,8,1,D7PZIKPG,08/26/2017,12:14 AM,-33.16334020964366,9.454439176962538
FAB_A,LITH14,1,10,-9,-5,T74E83MC,06/22/2017,08:12 AM,-37.72305609555314,9.567027337284967
FAB_A,LITH05,1,3,-9,5,IIJX56HR,02/27/2017,06:20 PM,-53.449923129290255,10.810087050000517
FAB_A,LITH04,2,3,9,-7,G2M59EIB,04/02/2017,06:29 PM,8.305628361979482,9.722659241523107
FAB_A,LITH15,2,21,-7,-3,08VW01SJ,02/14/2017,02:34 AM,-52.51454513208122,9.969997971491729
FAB_A,LITH04,1,4,2,1,P3DUKJMU,08/22/2017,01:57 AM,12.543027381140565,10.184316001691878
FAB_A,LITH01,2,25,-1,-2,8WXKCFEA,03/08/2017,01:39 PM,-0.38664592862671876,9.638832468439457
FAB_A,LITH04,1,21,-9,5,1F74QML0,11/07/2017,04:57 PM,43.35757871979713,9.971985550274496
FAB_A,LITH15,1,20,9,0,9F23RNKL,04/04/2017,10:51 AM,-0.6985162991390198,10.542437030902887
FAB_A,LITH15,1,8,2,2,0ZDDWFZI,04/15/2017,11:20 PM,12.055129393852926,9.990867612140768
FAB_A,LITH15,1,17,-1,-8,AJI7W92G,01/07/2017,12:56 AM,4.071265758220586,10.225122354348635
FAB_A,LITH02,1,23,9,-4,J1OSVP8K,08/27/2017,10:54 AM,-63.9472525572804,11.145676356685176
FAB_A,LITH03,1,17,-10,4,FERDP7T2,03/16/2017,06:59 AM,14.896279803903917,9.954548753794242
FAB_A,LITH06,1,15,3,-10,I55NBPFQ,08/04/2017,08:24 PM,20.97892510483831,9.988625859636155
FAB_A,LITH06,2,6,-10,-2,Z8KL0THK,01/01/2017,09:00 PM,-15.25859309005109,10.015985896086427
FAB_A,LITH03,2,15,-7,9,4XN9J2PH,05/30/2017,04:00 PM,11.327805307951417,9.958650236263136
FAB_A,LITH05,1,6,-8,-9,G04BPDUQ,05/23/2017,11:37 AM,13.083432437001118,10.09047118509808
FAB_A,LITH04,2,11,-1,-5,S6XNA8DY,10/24/2017,12:55 AM,-31.116246719039513,10.324225859788877
FAB_A,LITH05,2,8,-7,-10,DY6SYKAS,07/02/2017,03:53 AM,24.78652827463354,10.576998702471906
FAB_A,LITH03,1,12,-10,-3,4SV93TVE,10/11/2017,10:03 AM,-11.99557784948547,9.673185041601016
FAB_A,LITH01,2,13,-5,-1,GTSH3TEH,07/07/2017,04:35 AM,-4.8345985218038106,9.515387123163908
FAB_A,LITH01,2,16,1,9,MF8MJADZ,05/13/2017,04:07 AM,6.061628017420756,10.446222674377779
FAB_A,LITH06,2,2,7,-10,F77W3VI6,07/01/2017,01:41 AM,30.299716963516538,9.79506864922364
FAB_A,LITH06,2,6,-1,3,FZEIZBBT,05/14/2017,07:28 PM,25.10902601668824,10.211495320039418
FAB_A,LITH04,2,23,-2,1,VUJV3Q3G,05/04/2017,07:27 AM,-22.574268954404854,9.427763578403194
FAB_A,LITH05,2,9,5,-8,PF4BXTPQ,03/11/2017,11:40 AM,21.31639878935213,9.564642122716716
FAB_A,LITH02,2,17,-6,-8,6RD0LACU,05/27/2017,02:49 PM,18.09318941743004,10.365270143164352
FAB_A,LITH03,1,19,7,-6,VNSRECE3,05/09/2017,04:54 AM,9.378892152282017,9.784652130697392
FAB_A,LITH02,2,20,3,-5,CXY6P3CO,04/19/2017,01:05 AM,22.59516083755102,9.668900661443274
FAB_A,LITH06,1,21,4,6,V01RINL0,11/15/2017,11:07 PM,10.54204560190879,10.06575387576287
FAB_A,LITH02,2,10,3,-2,V0PITP2I,10/17/2017,07:40 AM,8.498210653557472,9.803494486210798
FAB_A,LITH01,2,17,0,-1,9T56GE9W,02/27/2017,05:04 AM,24.157671574644173,9.703309341598727
FAB_A,LITH04,2,20,-5,0,ZWQJWT3Z,01/14/2017,10:59 PM,-12.081266240191397,10.062871627115053
FAB_A,LITH06,1,5,1,8,7ELTC5XH,02/15/2017,03:21 AM,-20.813443090116802,10.482222609193462
FAB_A,LITH15,1,2,-7,-8,3XG7AA5M,12/31/2017,09:39 PM,12.832173625334548,9.962267853827871
FAB_A,LITH01,1,7,9,-10,BW9LPSF6,06/11/2017,09:05 AM,8.95731748454803,10.456798785835174
FAB_A,LITH06,1,12,5,9,PR0ZZ1G5,06/16/2017,11:38 PM,1.9342164836999725,9.684110244667842
FAB_A,LITH14,1,18,6,7,PABFIER8,07/23/2017,06:23 PM,-27.91409158505053,9.69068792278291
FAB_A,LITH06,1,23,-9,8,Y641RF5Q,01/21/2017,06:35 AM,-9.35211257003605,10.141880366848365
FAB_A,LITH03,2,22,-5,-8,GMOQTCK3,07/03/2017,08:38 PM,10.424622295733029,10.355125087371446
FAB_A,LITH01,1,9,1,2,FY09UPKG,10/08/2017,08:58 AM,33.779158588802474,9.509844919639335
FAB_A,LITH15,1,20,-3,1,2B7WXTIA,07/09/2017,06:49 AM,,10.00458386080293
FAB_A,LITH04,2,16,4,6,J4PCC9YX,05/29/2017,10:17 PM,38.375086674287914,10.034097594424999
FAB_A,LITH01,1,6,2,8,C4Q1QM80,04/24/2017,11:37 PM,-20.999483508123156,10.134389201957102
FAB_A,LITH05,1,2,-1,-10,7JILJNZZ,02/28/2017,08:59 AM,-13.11696072293772,
FAB_A,LITH03,1,13,-2,8,CNVJ4W4D,11/10/2017,03:30 AM,-13.6521198494017,9.165702051079995
FAB_A,LITH12,1,15,-7,-9,M7JZ31BO,02/23/2017,11:14 PM,-22.993301178055088,10.078587943659384
FAB_A,LITH03,1,12,3,-10,GPP89W7C,11/18/2017,07:44 PM,30.44236248522117,9.27647274971047
FAB_A,LITH15,2,8,-9,4,O1QQ0WWR,10/27/2017,02:13 AM,-45.93657633824366,10.591475352969404
FAB_A,LITH01,1,10,-5,-7,HL6PO6UP,03/10/2017,11:49 PM,-58.98428847563403,9.850992002622261
FAB_A,LITH04,1,13,-5,-6,S9A42SOE,08/30/2017,01:05 PM,-9.413162351194826,9.75362451362216
FAB_A,LITH06,2,18,-10,-3,DMIBLK5Q,09/09/2017,09:01 PM,-54.14323435251098,10.19018506351061
FAB_A,LITH03,2,20,6,-5,KIQKTLVQ,09/07/2017,11:38 PM,-33.47002625958764,10.316301041685765
FAB_A,LITH14,2,3,-10,-5,6BC7MXJ2,10/30/2017,08:15 PM,2.580178418889538,10.428466608176919
FAB_A,LITH03,1,4,3,7,S98P9S03,05/03/2017,09:15 AM,-51.8288618285634,9.304075886424787
FAB_A,LITH15,1,24,4,-6,SDMLXND9,07/01/2017,03:58 AM,-0.7425626680430506,9.687662182646585
FAB_A,LITH05,1,12,-1,2,8FGC1NCB,09/04/2017,12:08 AM,-2.069707110045482,10.692656026489015
FAB_A,LITH02,2,21,-6,4,5YWRA38N,08/16/2017,09:23 AM,-34.10024526494882,9.513262218735964
FAB_A,LITH01,2,15,5,0,3LBM3X9G,10/23/2017,01:19 PM,-37.48194716632751,9.568048842101488
FAB_A,LITH12,2,9,-8,4,KW5EF718,10/26/2017,11:55 AM,0.2689841170299587,10.436019127414006
FAB_A,LITH02,1,25,4,-5,7A1V4AZB,12/06/2017,05:44 PM,12.912142139791683,9.688332534819484
FAB_A,LITH06,2,2,7,-2,Y0YVKX7O,03/14/2017,12:58 PM,-47.72009312727011,
FAB_A,LITH01,2,1,9,-8,N4AFRHVV,08/24/2017,12:11 PM,-48.507416461185485,9.806776522562664
FAB_A,LITH15,1,19,-7,-9,6O5EQ41R,06/16/2017,09:12 AM,-7.6435945461957795,10.244380759309307
FAB_A,LITH04,1,4,7,-9,8B36OF9N,10/11/2017,07:40 PM,-4.261612652421967,10.76829728253859
FAB_A,LITH12,2,8,-9,3,E2UGDUYF,03/15/2017,10:57 PM,26.467310088468977,10.776889130375368
FAB_A,LITH04,1,20,5,-6,EVK3PQQA,02/05/2017,02:42 PM,26.586610039103885,9.695506279049845
FAB_A,LITH03,1,16,-2,-7,KKVFAYK3,09/13/2017,11:29 PM,7.327649904723284,9.620181307341946
FAB_A,LITH12,1,7,9,5,NVN06HLK,08/07/2017,02:53 PM,-8.918205773838467,11.005537899627198
FAB_A,LITH12,1,6,6,8,XEB2VL38,12/17/2017,10:01 AM,-35.10402025138565,10.24233047171857
FAB_A,LITH01,1,7,-9,5,8B7WQ5NL,06/14/2017,07:05 AM,-55.73674140749178,10.171253103114791
FAB_A,LITH15,1,14,9,0,NKBZI5OC,05/22/2017,04:04 AM,33.882241117595704,9.33765224928265
FAB_A,LITH01,1,12,-8,-10,0ZYCOP51,09/20/2017,07:24 PM,42.92181226828224,9.394423128654324
FAB_A,LITH15,2,7,7,-8,JDHFMFCK,02/23/2017,12:31 PM,-1.9251697653589424,9.669999173659216
FAB_A,LITH06,2,14,5,-2,W42ZF1OV,10/09/2017,05:52 PM,-20.899996873060246,9.432324495364815
FAB_A,LITH05,1,18,4,-10,E915XIQ3,09/06/2017,01:41 AM,32.71378627446482,10.381027318692162
FAB_A,LITH06,2,10,2,-6,IN07PLB5,08/29/2017,07:25 AM,,10.283812108241275
FAB_A,LITH03,1,24,-5,7,F52EDOE9,11/04/2017,12:56 PM,-4.9118328407680805,10.627562858454946
FAB_A,LITH04,2,16,-3,0,V5Y0YQSR,06/23/2017,09:30 PM,5.4237031847134,10.43489469514231
FAB_A,LITH04,2,16,1,-5,5BYSBPIL,05/15/2017,08:51 AM,-8.807910207470632,10.31034325159408
FAB_A,LITH04,2,24,6,8,4Q21DUT8,08/24/2017,02:06 AM,10.185757063141288,9.075075089302869
FAB_A,LITH14,2,8,2,2,HLYDAO9K,04/20/2017,07:38 AM,-16.834568627891244,10.413572820844193
FAB_A,LITH04,2,4,-7,3,GUJP5A6W,11/02/2017,05:05 PM,20.74894558705752,8.847579389301988
FAB_A,LITH02,2,16,-10,7,P3KSWV1C,02/14/2017,09:55 AM,55.31899503007671,
FAB_A,LITH06,1,7,7,-7,YN7VXXBQ,06/04/2017,05:12 AM,12.36746223922827,10.090991534865596
FAB_A,LITH02,2,7,-3,0,J7UV2W3N,11/16/2017,04:25 PM,-27.731065081160818,10.052230087482446
FAB_A,LITH02,2,22,-2,-1,5QLR4MJR,05/14/2017,04:54 PM,14.579834843165521,9.574459297259287
FAB_A,LITH05,2,3,4,-5,QDOEY3WR,02/19/2017,07:44 AM,18.464295506607847,11.055051608572837
FAB_A,LITH05,2,23,4,8,NUY27Y3Z,05/11/2017,10:25 AM,9.468956002913735,8.69407483547178
FAB_A,LITH05,2,16,-10,6,OHY3VWPH,05/28/2017,04:19 AM,31.308657018505283,9.364277174211432
FAB_A,LITH02,2,21,6,0,JX37YYEB,12/30/2017,09:04 PM,22.577253355727414,9.915910570542184
FAB_A,LITH06,2,8,-7,2,MU5RWSTG,05/06/2017,04:37 AM,-17.22823372844963,9.999653655105405
FAB_A,LITH03,2,17,-3,5,VUUF2DTT,04/22/2017,04:49 AM,7.378178648784674,10.149957733438523
FAB_A,LITH02,1,1,6,-2,7RORHK5N,04/05/2017,02:58 AM,31.911961702765083,10.220870585946914
FAB_A,LITH05,1,9,2,-5,TQNVHXIW,01/08/2017,02:14 AM,-37.447722819500044,10.517687634097456
FAB_A,LITH12,1,25,7,3,HS6ZX5PI,05/01/2017,08:38 PM,-4.307641338332827,9.241988137156056
FAB_A,LITH12,2,4,6,-8,ZZQCDQUG,06/25/2017,07:24 PM,-3.614777236905852,9.504658058119956
FAB_A,LITH14,1,18,-7,-5,U9AXMZFI,03/07/2017,05:45 PM,-18.258298327195554,10.139740103246245
FAB_A,LITH06,2,6,-6,1,W76M32N3,01/28/2017,04:29 PM,-0.6727486147567282,9.984994875750798
FAB_A,LITH06,2,5,-10,8,YTQDD4KW,03/18/2017,10:49 PM,12.465388057747845,9.24735619262367
FAB_A,LITH15,2,16,-8,-5,Y3JWCFLB,08/11/2017,03:39 PM,36.28934625337009,9.649817749242576
FAB_A,LITH15,1,17,2,4,M813PXEI,08/03/2017,10:27 AM,19.55030865457411,10.204367007738592
FAB_A,LITH04,1,12,-5,-9,7MCKJHLV,08/07/2017,04:07 AM,10.546357661647903,10.352390148421314
FAB_A,LITH02,2,10,4,-9,KZXDL2Q9,12/31/2017,08:23 AM,14.24436013455497,9.553615221534702
FAB_A,LITH03,2,10,-7,-1,4UPX4998,08/07/2017,05:03 AM,-9.639179896978126,9.674426448266496
FAB_A,LITH03,1,8,-6,4,B2BJ03LF,02/12/2017,06:01 PM,-0.7839150165081693,9.945172376256282
FAB_A,LITH14,1,18,6,-8,OI8BCAF8,09/11/2017,08:08 PM,28.650771058780162,9.729714483032968
FAB_A,LITH15,1,19,-8,2,KXSVM6T4,08/21/2017,06:17 PM,-10.581332235182021,10.432649659103696
FAB_A,LITH01,2,22,-4,-8,KDEBSWPR,01/09/2017,04:43 AM,-0.8312159580467663,9.903922866588267
FAB_A,LITH04,2,1,-7,-6,SMTOZ4SL,10/27/2017,10:00 AM,,10.064608090745578
FAB_A,LITH02,2,1,-1,-1,O7FSN7M7,04/14/2017,01:22 AM,9.023273129049098,9.698771368027838
FAB_A,LITH15,2,18,9,0,69ZI24RN,12/20/2017,03:14 PM,22.427424601750925,10.957175225083791
FAB_A,LITH12,2,22,-4,3,9OC2JXQL,10/29/2017,06:54 PM,60.14446523973557,9.611968294868767
FAB_A,LITH06,2,21,-1,8,IXVE84KF,05/11/2017,01:42 AM,5.508547865298007,9.344525171777496
FAB_A,LITH01,1,11,-10,-4,A9PPY229,08/15/2017,01:12 AM,2.877042324826667,9.02329982881562
FAB_A,LITH15,2,18,2,2,88WKHF9Z,04/09/2017,01:09 AM,-10.142270001120684,9.742349023309018
FAB_A,LITH14,1,11,-6,7,2KQLSVIK,06/04/2017,05:25 AM,19.942526144981308,10.094448886626868
FAB_A,LITH14,2,10,7,3,9NOFOZSO,09/29/2017,12:53 AM,22.378366514268958,9.74979988765844
FAB_A,LITH02,2,5,-6,3,WTWTOF3Y,07/15/2017,11:48 PM,-19.196192415646937,10.435664267000309
FAB_A,LITH15,1,20,0,2,I1W9AMPR,03/10/2017,01:38 PM,-8.871559269316464,9.787080142828065
FAB_A,LITH06,1,12,-1,4,AM4YW1KY,05/09/2017,11:46 PM,1.8255953207396334,9.681900009692077
FAB_A,LITH06,1,14,3,-1,JWKN4M28,08/24/2017,02:19 AM,34.14277188337761,10.226698627498465
FAB_A,LITH03,2,4,5,-3,0LBWQK7G,02/17/2017,02:43 AM,-1.9249197333231338,10.681869903238415
FAB_A,LITH03,2,21,7,-8,65S9UG39,05/06/2017,12:25 AM,-1.0937338170122415,9.748686202333415
FAB_A,LITH04,1,2,-8,-6,BJP95XRV,05/08/2017,06:01 AM,5.141428482548482,10.213223568477929
FAB_A,LITH04,2,24,-1,2,6JUEU3TQ,01/04/2017,12:00 AM,-60.21497924231768,10.006557779800104
FAB_A,LITH01,2,23,-9,0,AGVSGZ82,10/02/2017,08:10 AM,0.9052029464754788,9.509636807279708
FAB_A,LITH02,1,9,4,5,XB3VD7IA,02/17/2017,01:06 AM,4.35831722545627,10.146767930623646
FAB_A,LITH14,2,2,2,0,Q0WTCMDI,03/16/2017,06:42 PM,-39.99109338361674,9.524099945787563
FAB_A,LITH02,1,15,7,5,0Z70WFKW,04/22/2017,06:37 AM,-23.789992365431104,
FAB_A,LITH14,1,22,2,9,1PXNJQ62,08/13/2017,09:38 AM,3.453134056973059,10.185231566754354
FAB_A,LITH14,1,13,-2,2,R7MB75JG,12/18/2017,11:38 AM,17.631794615871463,10.464414558059632
FAB_A,LITH04,1,25,4,-10,XFPEC7ZJ,12/17/2017,07:05 PM,-11.050082444547089,9.575481454642725
FAB_A,LITH02,1,14,-2,5,PYWFE6LL,02/07/2017,04:13 PM,30.647396985302162,9.68143198498221
FAB_A,LITH14,2,11,-9,-8,FV8JUU2J,09/30/2017,10:30 PM,-13.698347818557213,10.68928689194383
FAB_A,LITH03,1,9,-1,-1,TT6ZES9F,04/14/2017,06:04 AM,-17.846018094499446,8.941365116706239
FAB_A,LITH02,1,15,-8,8,8SDSG56D,05/22/2017,07:15 AM,-39.851132766845865,9.7733507868935
FAB_A,LITH02,2,5,-10,-7,GRSPKC93,09/18/2017,04:27 PM,1.6935655189241667,9.972459732496748
FAB_A,LITH12,1,14,-10,-4,E3R2X7VF,12/03/2017,01:01 PM,20.20344458093816,10.27440178064607
FAB_A,LITH01,1,20,-10,8,8Z9LNYMK,08/08/2017,10:58 PM,9.458809134600937,10.050503126290783
FAB_A,LITH03,1,6,-10,-8,86J9K7MU,10/21/2017,02:57 AM,21.233521626487367,9.965892964018076
FAB_A,LITH03,1,3,-6,-3,ZHR2SAIY,01/19/2017,10:26 PM,-12.126052788289087,9.455034474518481
FAB_A,LITH03,1,7,8,6,QPHNP1NK,07/01/2017,12:00 PM,23.113851719728544,10.055540577028923
FAB_A,LITH02,1,17,-9,-5,EA9XI3A4,08/05/2017,05:39 PM,-34.45164992005515,11.088621634688234
FAB_A,LITH03,1,21,-5,5,HK8Q4HW4,12/16/2017,06:01 PM,43.303140520127045,9.728587403415853
FAB_A,LITH01,1,22,-8,1,NTV6PFSX,05/11/2017,01:35 AM,-11.527701302878587,9.723429357101933
FAB_A,LITH05,1,6,-10,0,6H8DXZ0K,11/04/2017,06:16 AM,-4.803575047853883,10.502961652636403
FAB_A,LITH12,2,3,-10,4,0J58QRY1,01/31/2017,04:59 AM,27.582844783280596,9.676327266711274
FAB_A,LITH15,2,17,-9,-8,OHIOG8Y3,07/03/2017,04:29 AM,-28.761135435377376,10.135931598727423
FAB_A,LITH06,2,17,-8,-8,1ONPG3CP,09/07/2017,07:28 AM,-1.2125912366253437,9.778491750925033
FAB_A,LITH01,1,15,9,-7,KZP0SDGK,04/04/2017,02:18 PM,18.265225720030713,9.521133711013618
FAB_A,LITH05,1,7,2,2,9XZLCC8S,03/13/2017,05:40 PM,-27.94983419363418,11.39776914917886
FAB_A,LITH14,1,21,6,9,PDB9MY07,01/30/2017,01:37 PM,-21.783895308996144,9.852113227189003
FAB_A,LITH06,2,15,-8,-5,1RTZJA5Z,02/14/2017,06:24 AM,-33.84922149891892,9.590212373556048
FAB_A,LITH06,1,13,-6,5,VPA3XWSH,09/14/2017,11:14 PM,-11.825355240057164,9.745051966335803
FAB_A,LITH03,2,12,2,3,Q86JD9NQ,02/15/2017,03:42 AM,-1.1445655520112568,9.869383566397364
FAB_A,LITH14,1,4,-8,4,V75ZJZUW,12/23/2017,01:23 PM,52.863619020265716,10.154418478010193
FAB_A,LITH01,1,21,-9,5,AEGL6E33,06/18/2017,08:53 PM,8.748050997163052,9.89332943096368
FAB_A,LITH02,2,2,-10,-3,NSPKTM8P,11/29/2017,01:54 AM,6.5624894881001286,9.776017298991476
FAB_A,LITH06,1,13,7,-5,YV9RIFAR,02/11/2017,03:27 PM,-53.17893587390729,9.86346187951135
FAB_A,LITH01,1,13,3,-6,KJKXN8ES,11/09/2017,09:03 PM,-27.217586815349925,10.001454189683065
FAB_A,LITH12,1,12,-10,-3,6PIX2Q2V,03/13/2017,01:18 PM,-4.2477467754081,9.934628302445624
FAB_A,LITH12,1,21,0,-8,7A2H5QFF,04/21/2017,01:05 AM,-37.952573219225656,9.437666403929233
FAB_A,LITH02,2,3,-2,-10,EQEUBU8E,09/23/2017,09:45 PM,20.563571181186255,10.562921862441826
FAB_A,LITH06,1,24,6,4,R0ICJ1OH,09/27/2017,09:32 AM,-6.3347117870959435,10.21897144861277
FAB_A,LITH06,1,19,1,7,F5H3YA25,03/03/2017,04:22 PM,23.863094751243118,10.187620366916487
FAB_A,LITH02,1,3,4,3,M6E38YAY,07/13/2017,08:37 AM,5.522437667954275,9.880510432516857
FAB_A,LITH03,1,21,-1,7,25MVGPQA,01/29/2017,04:38 PM,54.450968068932326,10.163559624881866
FAB_A,LITH14,1,20,-5,1,3AV1SO1D,10/06/2017,03:07 PM,-10.297520133541019,9.411952839969022
FAB_A,LITH04,1,2,-1,2,Z5TAEZSR,11/29/2017,11:47 AM,4.959076582738838,9.418282723924044
FAB_A,LITH15,1,9,3,-5,DGHCF43M,04/22/2017,08:26 PM,-36.22645673916946,10.136226415581884
FAB_A,LITH15,1,5,-6,-4,RQGVZVCU,05/29/2017,01:26 PM,,10.42967175662878
FAB_A,LITH06,2,6,-10,-6,EVX77RVR,08/30/2017,08:17 AM,8.15311462827394,9.23282292224328
FAB_A,LITH06,2,5,3,8,VKPDKIG5,10/06/2017,03:07 PM,20.03385876144023,10.74108505697211
FAB_A,LITH05,2,18,0,-5,Q7L8JUQJ,05/26/2017,12:38 AM,,10.096240381873544
FAB_A,LITH06,2,23,3,-2,WV26L7FH,04/14/2017,12:45 PM,-4.926426603083786,9.90293804137585
FAB_A,LITH04,1,6,-10,8,3UYMEPL6,09/03/2017,08:49 AM,-65.75108129982725,10.76883556093256
FAB_A,LITH12,2,14,4,-5,XJ3EYMPH,09/26/2017,11:57 AM,-16.699827136604963,9.44168135381976
FAB_A,LITH12,2,23,5,9,Y9Y6XALJ,09/25/2017,02:03 AM,-7.588904621537168,10.3455228921702
FAB_A,LITH02,1,4,3,-1,7OAT3S4Y,09/14/2017,10:13 PM,43.510612836716525,10.203265234121837
FAB_A,LITH01,1,7,-2,3,LMNZP2CA,10/16/2017,10:59 AM,-3.7308461230325536,10.33869473910766
FAB_A,LITH04,2,16,-9,3,B6W98N7P,02/07/2017,02:35 AM,-10.437652298462295,9.531740778658717
FAB_A,LITH03,2,1,-4,3,OC44496F,07/15/2017,01:21 AM,-8.930794934230216,9.669613643898467
FAB_A,LITH15,1,15,6,-9,FUGKI6XR,08/16/2017,10:11 PM,,9.951645503072589
FAB_A,LITH14,1,15,-6,6,4ZZFFNRM,06/20/2017,11:19 AM,-19.766716857374362,9.834290823519886
FAB_A,LITH03,1,14,1,3,K9YPFAFZ,08/07/2017,12:21 AM,-14.36518960171921,9.934326712259221
FAB_A,LITH14,2,9,6,6,VJMBTAXN,01/05/2017,01:19 AM,-38.89003045463654,9.783924655457144
FAB_A,LITH02,1,22,-3,3,86CLP2ES,07/10/2017,10:35 AM,-9.201347034813743,10.121378047682553
FAB_A,LITH15,2,12,1,-7,JTVADY43,01/20/2017,01:07 PM,-4.654234047901667,10.757914085562186
FAB_A,LITH01,1,1,-3,-6,6CLL20KZ,04/29/2017,04:36 AM,-24.1616429621791,9.540795945432649
FAB_A,LITH02,2,4,-8,-5,DMSQTGGJ,03/17/2017,06:13 PM,5.450112021113509,9.618799997190816
FAB_A,LITH04,1,25,5,-5,J3JR0EMG,12/05/2017,06:27 AM,36.33355329876748,10.645809773103988
FAB_A,LITH05,1,9,2,4,TEIOQE45,09/09/2017,11:48 PM,2.67012088897419,10.089025983037642
FAB_A,LITH15,1,9,7,-9,ZMS8CH0P,05/15/2017,12:36 PM,-7.571504946852168,9.985725691105744
FAB_A,LITH15,2,22,-3,-1,8RYK58NU,05/31/2017,08:22 AM,10.302009162956379,10.243328351580088
FAB_A,LITH14,1,23,-4,0,Q07OR3UC,06/23/2017,03:43 PM,-10.048439898922611,9.238999088368963
FAB_A,LITH02,2,4,2,-8,Z4V063O3,02/26/2017,04:50 AM,0.17096646025927453,10.333688619935469
FAB_A,LITH14,2,21,-1,-5,WFZFUBKS,11/02/2017,12:19 PM,-24.05432222092406,9.55921111325111
FAB_A,LITH05,1,12,6,9,Q5DJ6JY1,05/20/2017,11:07 PM,23.7551373734658,10.739242251502786
FAB_A,LITH01,1,11,7,-8,8OGCOA2N,10/11/2017,04:01 AM,-12.361044322853507,9.500204422100381
FAB_A,LITH03,1,4,2,-9,OTNQBYJL,11/05/2017,06:56 PM,2.2796362077578225,10.285466131436387
FAB_A,LITH12,1,8,4,-10,FK38C9P0,06/06/2017,01:21 PM,10.005459951225044,9.669732349931785
FAB_A,LITH12,1,23,1,-10,1ICFWIK3,01/28/2017,02:17 PM,10.381314744391448,9.60422149315933
FAB_A,LITH01,2,19,6,0,Z8H5Y3KJ,03/06/2017,06:01 AM,21.72667656610096,9.657229039418542
FAB_A,LITH02,1,25,-5,6,QRGWL4T4,06/28/2017,09:01 AM,21.06314785977004,11.559726220044569
FAB_A,LITH12,1,18,9,-2,KQKFLMNQ,01/07/2017,09:31 PM,63.79094924194128,10.50326587802503
FAB_A,LITH03,2,22,3,4,Q01ESQXF,06/07/2017,05:37 AM,-8.222024328214282,10.907736625890687
FAB_A,LITH02,1,12,-9,8,EJO5BLTV,11/15/2017,07:25 PM,-4.63078150810147,9.610033458658705
FAB_A,LITH05,2,19,8,9,O526LC6C,03/14/2017,04:51 AM,50.472767594339864,8.97606326558871
FAB_A,LITH04,2,16,0,-1,OC9X79E1,08/06/2017,08:24 AM,11.809829434741673,9.874159035099641
FAB_A,LITH12,1,3,1,-9,52TBUP71,02/05/2017,08:21 PM,,10.401415319603135
FAB_A,LITH15,1,7,-3,8,GSBUXGE7,07/06/2017,08:15 AM,-10.98889691737319,9.724685403179237
FAB_A,LITH12,2,11,4,-3,WFPTL12X,04/07/2017,11:46 AM,23.340892161215145,9.73569857714957
FAB_A,LITH14,2,17,-1,2,VP5L8QF9,12/25/2017,08:49 PM,24.136958723067746,8.004958796004106
FAB_A,LITH15,2,22,-10,-3,FBMJZOU1,05/31/2017,07:04 AM,-20.858554995574416,9.45186699029119
FAB_A,LITH04,2,7,9,-5,LC14CWUI,02/23/2017,01:44 AM,3.0555248911207715,10.230090275923795
FAB_A,LITH02,2,19,3,-3,1WXGN42W,03/27/2017,09:35 PM,-11.622568539283574,9.53176738204484
FAB_A,LITH12,1,25,-3,5,YPZJIJLY,02/26/2017,11:51 AM,-11.095771384594505,10.27347267483775
FAB_A,LITH12,1,22,-10,-2,MY814NF7,07/09/2017,05:59 AM,-42.62830922767,10.218266607396997
FAB_A,LITH01,1,19,9,3,U5CC1WCC,05/02/2017,02:23 AM,-0.18981229696760044,10.444440972711963
FAB_A,LITH06,2,20,2,-4,SEE5VKS5,09/06/2017,10:53 AM,13.925890348115619,10.12918615820348
FAB_A,LITH01,2,6,-5,3,14QKWE50,02/14/2017,06:55 AM,46.01905437978282,9.960916585396625
FAB_A,LITH05,1,22,1,4,PE2OEU1X,08/02/2017,04:41 PM,-7.447388734036278,10.13214616091507
FAB_A,LITH01,2,23,6,0,QNDE48FX,03/25/2017,06:39 AM,6.6043924428086225,10.3166659969268
FAB_A,LITH01,2,18,-5,6,KIYW4D0O,12/31/2017,07:37 AM,25.577287955890643,9.593792854474952
FAB_A,LITH14,2,9,-10,-7,K4X5FCG2,05/03/2017,09:16 AM,-15.28200145460666,10.472812496341954
FAB_A,LITH06,1,25,2,2,PCPWSN95,04/18/2017,07:42 PM,-30.24993328821003,9.676071721593926
FAB_A,LITH15,2,22,1,1,6Y7J3BUU,06/02/2017,02:51 PM,46.415670656493646,10.612108372642746
FAB_A,LITH03,1,19,3,9,G5ET9NJQ,06/19/2017,09:44 PM,0.4647815704924234,8.97979866763393
FAB_A,LITH03,1,9,-10,-2,DBN4U9M0,01/04/2017,03:06 PM,-53.78625651406603,9.613791144018961
FAB_A,LITH03,1,18,7,9,O8OLXLE1,02/12/2017,04:47 AM,-12.287897474651578,10.52764321175094
FAB_A,LITH01,1,21,7,2,54BVLS0A,11/21/2017,07:23 AM,1.9285348171277548,9.902326836583773
FAB_A,LITH15,2,21,-7,-3,F03Q9ZBK,09/04/2017,04:56 AM,19.015435296922476,9.551541770439611
FAB_A,LITH05,1,15,-1,2,SCJ1CZMI,08/21/2017,02:05 PM,18.908538642512287,9.73884751528222
FAB_A,LITH03,2,3,0,-9,W9QP1XYX,05/26/2017,04:45 AM,,10.438904146029607
FAB_A,LITH15,1,6,-5,-8,B1EF15ZZ,02/22/2017,11:16 AM,5.668924445810341,9.736376271365275
FAB_A,LITH05,2,5,-2,-4,86NGAH4V,10/11/2017,08:41 AM,1.8009149586739037,10.41587884596565
FAB_A,LITH02,1,14,-10,-9,AR26SNZ1,07/11/2017,11:46 PM,-0.33827228056188213,10.845845604536693
FAB_A,LITH06,1,1,4,-1,Y28BF151,09/26/2017,12:48 AM,1.9972690956669439,10.284335801123833
FAB_A,LITH15,1,10,9,4,ROT1ZKWN,01/31/2017,03:05 AM,-19.116501310954114,9.38498790075105
FAB_A,LITH05,1,24,0,-6,T18AC3P8,02/24/2017,05:12 PM,-1.6919454630703041,10.815494459238655
FAB_A,LITH15,1,5,-6,-4,RQGVZVCU,05/29/2017,01:26 PM,22.711822390100878,
FAB_A,LITH01,2,3,-5,-6,SB5CD9HY,07/30/2017,05:27 AM,-57.82226637216235,10.01938030354171
FAB_A,LITH04,2,12,7,8,OKCW3NZI,08/26/2017,12:13 AM,-14.3589610752706,9.549746835579208
FAB_A,LITH06,1,16,4,9,W1I8UFKY,09/10/2017,09:00 AM,39.60768758922536,10.741964299527389
FAB_A,LITH01,2,1,-9,-7,VKB2G1X3,01/02/2017,09:12 AM,-62.151896625552006,10.774271714544122
FAB_A,LITH05,2,24,7,2,RNMHGJRN,08/25/2017,12:15 PM,-9.097741035310715,9.94666546588681
FAB_A,LITH05,1,24,8,6,NQC5RJJN,11/07/2017,06:34 PM,-1.3640174374120793,10.713098016351548
FAB_A,LITH02,2,16,-9,0,N47M9Z5T,07/15/2017,08:06 AM,-11.92064716267145,10.19088709026752
FAB_A,LITH06,1,11,-5,6,HIG14V8C,12/15/2017,01:35 AM,-26.161233481651543,10.58293745255526
FAB_A,LITH14,1,16,-3,7,VI0COR8S,02/21/2017,04:43 AM,36.85995748181167,9.81627873326963
FAB_A,LITH02,1,9,9,-8,C7E22B7I,07/13/2017,04:39 PM,-1.0673940273091276,10.668958217964061
FAB_A,LITH06,2,25,9,4,E8RSWAIT,03/29/2017,05:17 AM,-0.7700248947730512,10.061520576196333
FAB_A,LITH05,2,5,6,9,KMJ46N8I,08/05/2017,07:21 AM,45.10756960573463,9.684032101103005
FAB_A,LITH02,2,1,-10,9,2GCEW9EE,09/23/2017,10:29 AM,24.774501161651926,9.68642192980173
FAB_A,LITH05,2,11,8,-5,0WWM98ZK,05/10/2017,07:27 AM,10.307512538838196,9.536943340718866
FAB_A,LITH15,1,25,-1,5,EM083Q8C,11/18/2017,05:41 PM,-43.575505497617044,10.299360448458525
FAB_A,LITH12,2,7,-7,-10,31YYZTOI,04/18/2017,11:50 AM,39.326759715276545,9.077310464950282
FAB_A,LITH06,1,22,-9,6,IJ55HEY5,12/04/2017,12:08 AM,-19.047161290780963,9.727928208281629
FAB_A,LITH06,1,9,3,0,J3ISVU4B,07/27/2017,02:55 PM,-36.93921679673562,9.196337591367552
FAB_A,LITH06,1,23,-9,-8,UYBWRNS9,05/14/2017,05:44 AM,-32.56648529773622,10.502169392048572
FAB_A,LITH03,2,13,-6,0,EXK8CTXC,10/09/2017,12:44 PM,23.26254919921692,9.639702639162826
FAB_A,LITH04,1,18,3,0,R3E8RNZZ,12/30/2017,01:05 PM,-15.528588108991661,9.9521738622358
FAB_A,LITH02,1,7,-8,1,0KYOTBUB,04/16/2017,06:37 PM,13.86779577389022,9.69374808270315
FAB_A,LITH03,1,2,9,7,YYBA2MCD,04/30/2017,06:46 PM,-35.332261959821864,9.466238581830131
FAB_A,LITH04,2,5,-2,3,3DK775EB,11/15/2017,12:58 PM,-53.45720694320203,9.926485737625566
FAB_A,LITH06,2,6,0,-10,8FEM39KC,07/28/2017,10:58 AM,-4.742385910278597,10.407498261658164
FAB_A,LITH01,1,9,-8,-1,WZFOV1UE,01/05/2017,02:15 PM,-41.3696019467933,9.743648189811136
FAB_A,LITH12,1,23,-3,3,JLKXLFXM,03/14/2017,03:31 AM,-10.993111054775433,9.895992336584834
FAB_A,LITH06,1,10,-3,-1,WRHBSIOX,03/15/2017,02:25 AM,-18.05751460144561,9.73068135889653
FAB_A,LITH14,2,22,-8,4,LHISSSRB,03/08/2017,08:45 PM,12.235783933619421,9.621917946042586
FAB_A,LITH06,2,10,1,-8,DIY6WXQH,08/08/2017,12:28 AM,19.456849027185676,9.875455503485437
FAB_A,LITH01,2,16,5,-2,SOEBQNPV,05/29/2017,08:00 PM,0.3984472678724967,10.119991055354404
FAB_A,LITH03,2,25,7,-7,W6HTUGRH,12/30/2017,06:44 AM,7.511077073641367,9.934989719582372
FAB_A,LITH15,2,11,9,-6,UB9MOPVK,04/10/2017,12:40 AM,52.134206755535395,9.986203575162579
FAB_A,LITH15,2,22,1,2,R3Z091IU,10/30/2017,12:46 PM,-0.5279477245492542,9.72099701585903
FAB_A,LITH02,2,25,-10,3,OVNQ7HYL,07/31/2017,07:47 PM,-40.48687262144615,9.968431680734481
FAB_A,LITH01,2,25,-4,-2,T1EJ2MT2,11/20/2017,02:50 PM,11.048417168926763,9.378296613520222
FAB_A,LITH02,2,10,1,-1,EI9UVXEG,09/24/2017,06:13 AM,22.92791635280392,9.771478868133338
FAB_A,LITH14,1,11,6,-10,XZ1CHRLS,08/18/2017,07:44 PM,5.067744907633463,10.183134141540448
FAB_A,LITH14,1,13,-7,-4,ERN6BYX4,12/12/2017,07:19 AM,20.95471010898735,10.023541860665324
FAB_A,LITH02,1,10,3,4,PWM5WGG2,06/23/2017,03:21 PM,14.478470066760668,9.555279160225009
FAB_A,LITH01,2,22,1,9,5CS8L5CH,06/06/2017,05:34 PM,39.71055719410136,9.706241160418479
FAB_A,LITH15,2,15,-2,-10,C6WMSIOO,10/24/2017,11:15 PM,12.938093628515244,9.616044042211657
FAB_A,LITH03,1,4,-8,2,QCFR9OLH,02/18/2017,09:45 PM,-9.170481011551614,10.189056762309747
FAB_A,LITH04,2,24,7,9,BBN2VHYH,08/03/2017,05:01 AM,-29.734902712419398,9.978233331396622
FAB_A,LITH06,1,17,0,2,5KO5Y36O,01/28/2017,02:10 AM,-2.0623135098284178,10.617736139108363
FAB_A,LITH04,2,18,2,-2,3KJN4HAE,02/22/2017,06:10 AM,-21.099461141528263,9.894553697930032
FAB_A,LITH15,1,3,-1,-8,BVWZYBXA,12/30/2017,04:28 PM,-20.484278281212298,10.056713444108533
FAB_A,LITH15,1,22,-7,0,97IPAWA3,02/17/2017,11:46 PM,-31.57812812442728,9.989971348403943
FAB_A,LITH14,1,5,-10,-10,4JR4VGPU,02/21/2017,09:33 AM,5.825019130086798,9.823678713553154
FAB_A,LITH03,2,15,-10,-2,GZUG0HCF,04/11/2017,10:46 PM,26.48453051487309,10.82577025725756
FAB_A,LITH02,1,24,1,9,JQI9QBFA,10/27/2017,09:25 PM,12.614852010752683,9.999783923010733
FAB_A,LITH02,1,14,2,9,OV8SE5KH,09/13/2017,11:01 AM,-35.085338089073915,9.980029863745191
FAB_A,LITH01,2,4,9,0,4AI1BJCY,10/01/2017,04:00 AM,-8.93669113284033,10.369011568425877
FAB_A,LITH04,1,19,0,5,OW6MSJNZ,11/15/2017,03:19 PM,26.644456519785486,10.018877148752432
FAB_A,LITH15,2,8,-6,4,GR3J7H4Y,09/11/2017,01:51 PM,-18.874289036541153,9.575920378133345
FAB_A,LITH05,1,23,-5,-10,4V0IZINE,01/15/2017,07:54 AM,17.419320158315006,9.239100716970624
FAB_A,LITH15,1,10,-2,-5,2R8ISN8K,07/30/2017,02:39 AM,-64.93399711120216,
FAB_A,LITH15,2,16,-6,7,BMV8JI4M,12/06/2017,11:41 PM,-10.155407115922186,9.511541400865735
FAB_A,LITH05,2,5,-4,6,T76L1951,07/26/2017,07:15 AM,-10.616210066368929,10.119375340078006
FAB_A,LITH05,1,3,-4,8,TDFJLVPZ,06/01/2017,10:58 PM,-10.373756822336661,9.144945849536311
FAB_A,LITH06,1,14,-5,8,ZOQ871V6,01/03/2017,01:40 AM,-3.892113100027311,9.902749645929017
FAB_A,LITH02,2,14,-4,-6,AZX8606R,02/18/2017,12:38 PM,-3.439131980251099,9.558483622525102
FAB_A,LITH01,2,8,-7,-8,BX0UYT4N,12/02/2017,01:28 PM,-36.64703510325975,10.011779720519772
FAB_A,LITH04,2,25,-7,2,OSQ008CC,12/25/2017,07:34 PM,13.626161312461269,10.91820995094368
FAB_A,LITH04,2,1,7,6,HZQNWGGT,01/16/2017,11:12 AM,1.7928039074653939,10.760525845114563
FAB_A,LITH14,1,23,-3,-9,0JAX788P,09/16/2017,08:03 PM,-2.109576646377432,10.146281489539186
FAB_A,LITH04,1,24,8,0,NBNV5HXV,01/01/2017,04:50 PM,-15.116526967595398,10.410796892749008
FAB_A,LITH03,2,24,-9,-8,D690ZZ5G,01/23/2017,05:58 AM,9.737656083749954,10.21694043398567
FAB_A,LITH01,1,17,8,3,NI1Q7PIR,03/13/2017,11:02 AM,12.288377925246888,10.484874385026284
FAB_A,LITH14,2,16,-6,2,BWPJWNHB,01/09/2017,06:53 PM,50.39815825695524,9.777042346106596
FAB_A,LITH12,1,14,4,5,IHVGUBCA,04/03/2017,02:49 AM,6.121644219688457,10.415076065354974
FAB_A,LITH02,2,14,9,8,PY62KT5Y,08/23/2017,09:11 AM,-5.828214303129778,9.881085542422493
FAB_A,LITH02,1,18,-9,2,NL369BCT,10/23/2017,01:09 PM,14.496077953421919,9.89867282515432
FAB_A,LITH01,2,14,-3,-1,NT1KAVCW,01/27/2017,10:37 PM,12.777740792724629,9.782729425251564
FAB_A,LITH03,2,5,9,9,VRMDYWDV,01/10/2017,12:26 AM,-17.237974872958613,9.38740781605572
FAB_A,LITH01,1,22,5,-7,B78NNIWQ,08/06/2017,10:49 PM,12.755525074418387,9.917434512930035
FAB_A,LITH12,2,21,9,4,192SY1IZ,04/03/2017,06:44 AM,30.863971370899012,10.23234322187273
FAB_A,LITH12,1,4,-5,-3,CPGMP5M9,10/16/2017,08:32 AM,-3.277344251542951,10.743667967186434
FAB_A,LITH05,2,8,-6,-4,8R3O92V7,02/08/2017,03:55 PM,,10.43884614212478
FAB_A,LITH02,1,6,2,0,AWNXMN74,07/12/2017,01:20 AM,-2.1613585756153193,9.694579496211501
FAB_A,LITH03,1,18,-5,1,LKITQZOA,05/07/2017,09:47 AM,16.96199820803853,10.255992511035718
FAB_A,LITH15,1,1,-6,4,CEMEFDNK,10/11/2017,09:37 PM,-3.438443701217687,9.895277637778289
FAB_A,LITH02,1,5,2,-7,GJRO8WJM,06/21/2017,05:04 AM,10.632899413953963,9.91402323189886
FAB_A,LITH02,1,3,0,7,1OL5JFI2,06/05/2017,09:39 PM,-15.514646437338964,9.30111336456087
FAB_A,LITH15,2,18,-10,4,DQXAQ6BB,06/13/2017,04:33 AM,-3.56975188584467,10.055039332832614
FAB_A,LITH03,2,12,-3,-4,RVIMBMT3,10/27/2017,01:47 AM,18.70941726298351,11.0993964405238
FAB_A,LITH02,2,21,5,-10,ZQCOX31K,05/07/2017,04:02 PM,-30.15469271668401,9.64658440406247
FAB_A,LITH02,2,13,4,8,G70Q9YJK,02/04/2017,12:07 PM,-8.999560795498276,9.648020419633998
FAB_A,LITH02,2,11,0,6,17XWISSG,05/10/2017,11:34 PM,13.654394514377689,10.114710846865544
FAB_A,LITH14,2,21,-6,-10,EUS366Q1,05/02/2017,05:05 AM,-11.672575578347438,10.462894296106603
FAB_A,LITH05,1,18,3,-5,T80RB65R,08/02/2017,04:37 PM,-2.238665054552566,9.785388432184956
FAB_A,LITH05,1,8,-8,-6,BBDJN9AL,03/10/2017,03:12 AM,31.1070547567329,9.559175730415566
FAB_A,LITH06,1,16,-10,1,DFXUAM1J,02/26/2017,12:25 AM,,9.817188672505438
FAB_A,LITH06,2,1,6,-7,I1BGGSZ1,06/27/2017,11:58 AM,-6.6516428917191455,8.558025711350417
FAB_A,LITH03,2,2,-6,-4,48WWCR1G,03/24/2017,05:51 PM,-0.4507096344258019,9.120853198376434
FAB_A,LITH05,2,15,-2,3,8B93PHVQ,05/21/2017,03:43 AM,-30.89855148815696,9.70650359773494
FAB_A,LITH15,1,11,-2,8,9ERANS5Q,12/05/2017,09:17 PM,30.051825957027862,9.31986448038428
FAB_A,LITH06,2,2,7,-2,Y0YVKX7O,03/14/2017,12:58 PM,,9.843058174754711
FAB_A,LITH06,1,7,6,2,NH2HK7GR,07/22/2017,12:22 AM,-32.82377186599217,10.931287110706695
FAB_A,LITH14,2,4,-3,-9,TBXT0DUU,12/14/2017,09:33 PM,17.528156705797475,10.051295915836812
FAB_A,LITH04,1,2,5,1,05F62Q3V,06/14/2017,04:41 PM,-8.942021058632035,10.361145548289148
FAB_A,LITH01,1,12,7,-6,GIEK6ILN,11/29/2017,11:44 PM,-6.160424771398049,10.233882588738663
FAB_A,LITH05,1,10,4,-7,K3BM5KQH,07/19/2017,04:57 PM,8.778629128303535,9.896289165004218
FAB_A,LITH04,2,16,-9,9,NTIHQK20,06/04/2017,02:59 PM,-9.66067957033018,10.5599786760752
FAB_A,LITH15,2,2,-9,7,OQ18IKB6,01/17/2017,06:58 PM,4.155165069602965,8.829565999363254
FAB_A,LITH03,2,24,5,1,FPXJIP3C,12/04/2017,01:14 AM,-53.78395270023524,10.2971835089341
FAB_A,LITH04,2,18,4,9,BXJHX016,05/15/2017,08:59 PM,33.303251711459495,10.216673523757542
FAB_A,LITH02,2,20,-10,-2,5OBMWL5Q,03/10/2017,10:56 PM,14.690345176816653,10.671206509444486
FAB_A,LITH04,1,2,-10,1,MEDYQZ51,12/22/2017,01:11 PM,-33.46567280315482,10.177830689934604
FAB_A,LITH14,1,20,3,8,TMTS6YUE,04/18/2017,06:19 PM,11.770758617336249,9.90296668931459
FAB_A,LITH06,2,6,-1,-9,5ZKHO7KN,05/17/2017,09:04 PM,8.945954398037301,9.726957264719603
FAB_A,LITH04,1,8,5,8,NWSFVKA0,06/06/2017,04:56 AM,10.995351526879334,10.435124114591416
FAB_A,LITH05,2,10,-4,1,E94MD6UI,09/11/2017,12:10 AM,35.582554905846045,9.88733841400288
FAB_A,LITH04,1,2,-8,7,QNG8PRP4,07/16/2017,08:51 AM,-7.045471249408572,9.808033406580021
FAB_A,LITH12,2,18,-8,-5,QIBK6U8N,12/02/2017,11:57 AM,8.56380488360245,10.067732247895002
FAB_A,LITH04,1,3,7,5,KF2EMCG3,06/15/2017,12:48 AM,15.79333154830829,9.958031665718066
FAB_A,LITH06,2,24,-2,8,Z6Q613AJ,02/10/2017,03:02 PM,-6.076174995932914,10.91021857074676
FAB_A,LITH02,1,13,0,-7,ZQ8R4L9K,07/14/2017,06:58 AM,-23.05109849767594,9.1630566887271
FAB_A,LITH02,2,12,9,-8,QH0XZOMF,04/23/2017,07:05 PM,-0.6818032272484978,10.429355379718501
FAB_A,LITH02,1,24,-3,-3,5SUAV9R3,08/30/2017,06:14 AM,5.345694883985921,9.389389485460873
FAB_A,LITH01,2,24,6,8,VV0M0G15,05/08/2017,09:15 AM,28.861603797830675,10.587689613028456
FAB_A,LITH03,1,25,-1,8,8SYJBBPE,03/01/2017,07:37 PM,14.863031414034822,9.505543928403668
FAB_A,LITH15,1,10,-2,-5,2R8ISN8K,07/30/2017,02:39 AM,,9.92860440929466
FAB_A,LITH01,1,7,-7,3,CPO5PIJK,10/04/2017,03:46 PM,36.31767808614276,11.11105399364115
FAB_A,LITH15,2,4,5,5,6LNGXWYR,09/16/2017,11:44 AM,15.994575013229309,10.37921658859804
FAB_A,LITH06,2,6,8,-1,KW3HM68I,04/07/2017,07:46 AM,-7.794284485483735,10.095053193161357
FAB_A,LITH15,1,4,1,7,2GVO7Y3H,10/15/2017,05:57 PM,-4.510233740190932,10.028851251481806
FAB_A,LITH06,1,17,-6,5,SORVBITM,04/06/2017,07:18 PM,-27.369819414541908,10.822206740760983
FAB_A,LITH04,2,1,-3,1,7IYSTTFU,08/15/2017,12:31 AM,58.64877075569297,10.076461111180198
FAB_A,LITH06,1,15,-4,-10,BMFQ2RCQ,06/20/2017,06:17 PM,-18.018961970914898,9.707836898970454
FAB_A,LITH06,2,24,7,-5,YX8GFBZ1,08/25/2017,08:29 AM,-7.645096528994133,9.82394139256188
FAB_A,LITH04,1,11,9,3,ZI94YVI4,02/03/2017,06:56 PM,-1.7634094972870125,10.79473967826826
FAB_A,LITH12,1,5,-8,4,4RCOGHYQ,02/15/2017,09:12 AM,-15.974674916054104,10.117416213171666
FAB_A,LITH03,2,3,0,-9,W9QP1XYX,05/26/2017,04:45 AM,23.73437530811006,
FAB_A,LITH05,1,25,2,1,5ENU8UHS,07/06/2017,07:23 PM,-29.31593160974235,9.906227762967472
FAB_A,LITH02,1,25,-2,-5,DJHSY70F,11/06/2017,07:11 AM,-23.969747264022807,11.155862323505476
FAB_A,LITH04,2,5,-9,-9,UXIHLN1C,04/06/2017,07:21 PM,51.621736814912055,10.000122565644828
FAB_A,LITH03,1,24,-10,-5,0KSDP1KH,07/01/2017,04:00 AM,-12.050155455993012,9.293264144282611
FAB_A,LITH06,2,19,-8,0,FPQLNQ49,06/12/2017,07:44 AM,-26.39290656249425,10.267520914597586
FAB_A,LITH04,1,20,2,2,3WY8KGHS,08/30/2017,09:32 PM,34.716508231760805,9.00478576792942
FAB_A,LITH06,2,17,9,-1,16KVG436,12/07/2017,09:25 AM,19.10209241527087,9.815154814089018
FAB_A,LITH02,2,21,-2,5,ZEJKPNZ3,12/14/2017,11:09 PM,-55.026930332655525,10.35169160206851
FAB_A,LITH06,1,7,-5,0,KMJXUFE3,06/11/2017,09:14 PM,42.81910022034579,10.576824730937622
FAB_A,LITH01,1,7,-1,-5,D4UYIDI0,05/09/2017,06:38 PM,,10.234307413486828
FAB_A,LITH03,2,24,9,-8,RLR57Z6D,05/17/2017,01:48 PM,-25.41287816641683,9.986655492894547
FAB_A,LITH01,1,12,-2,1,H550MANV,10/17/2017,01:34 PM,20.318666967771826,9.97977983184388
FAB_A,LITH05,2,22,5,8,CDCKNMIP,07/15/2017,02:57 PM,49.211154408713824,10.45442220336201
FAB_A,LITH14,2,16,4,5,OXAZD2PR,07/26/2017,01:25 AM,21.367124728317872,10.195364280670232
FAB_A,LITH14,1,21,-3,9,PFX5THW1,05/19/2017,07:10 AM,-24.76393213021428,9.754495480248464
FAB_A,LITH04,1,10,4,4,TAO0PWQW,11/18/2017,05:22 AM,4.708353485879278,9.209884562853064
FAB_A,LITH15,1,12,0,3,MSUS1CXG,06/29/2017,07:33 AM,-11.406804517691505,10.068424860810653
FAB_A,LITH12,2,21,6,3,YBRSRAI0,07/26/2017,05:13 AM,21.51853132209,9.806678218764693
FAB_A,LITH14,1,13,-1,-7,CXXS4B2B,07/14/2017,04:31 AM,-17.247454602503893,10.5393796601225
FAB_A,LITH14,2,13,-7,5,MDJ0PDO1,12/06/2017,12:48 PM,-14.244535830264054,10.6834855590023
FAB_A,LITH01,2,5,-5,4,7IJHUMJV,03/26/2017,06:47 AM,-31.498217930640475,10.274798994488908
FAB_A,LITH03,2,18,0,-8,C3SPM0NX,12/12/2017,09:27 PM,-3.3014279140747727,10.315412553632914
FAB_A,LITH06,1,7,-7,-9,WMUVX31L,04/21/2017,10:46 AM,6.798978272720737,10.653944126076873
FAB_A,LITH01,2,14,4,-10,PKEZZNYL,11/08/2017,09:26 PM,-27.854700874047566,9.684904981384465
FAB_A,LITH14,2,15,4,0,9Y9B40IB,07/13/2017,12:16 AM,53.70998159716051,9.360256497869212
FAB_A,LITH14,2,13,-5,-1,U38UWRJR,10/10/2017,09:17 PM,12.17670700722548,10.005626408946144
FAB_A,LITH02,1,18,2,6,BB8DX8GE,04/13/2017,04:56 AM,-23.49039649721459,10.126046235272531
FAB_A,LITH15,1,25,1,3,U58H96VB,01/11/2017,06:22 PM,-35.258798367805745,9.849385817827919
FAB_A,LITH01,2,2,2,6,8MFXIM7T,10/15/2017,07:43 AM,-0.5763218860199639,10.465782943127534
FAB_A,LITH15,1,13,3,-1,P8V3HO0Y,03/12/2017,03:04 PM,9.884445296506037,10.191480326258716
FAB_A,LITH12,2,20,-9,-3,3OVESFRJ,06/28/2017,07:49 PM,7.2713697417946435,10.32785138125908
FAB_A,LITH05,2,7,8,9,81N4EAWC,10/01/2017,07:05 PM,-44.356567066525336,8.876026029616552
FAB_A,LITH03,1,18,-9,9,XCXDHG0B,12/28/2017,08:47 AM,-20.863606172812116,9.452295844413337
FAB_A,LITH02,1,10,-9,-5,ARH9X3VM,07/17/2017,11:26 AM,-8.269907361043735,9.213749467060692
FAB_A,LITH01,1,9,-1,0,QHJH9TSA,03/30/2017,04:24 AM,40.432445176017175,10.83711012115758
FAB_A,LITH01,2,14,9,7,AIVG7RLR,03/07/2017,10:52 AM,14.077175788935628,9.946907453990661
FAB_A,LITH06,2,22,-7,1,GQ20PT5Z,03/21/2017,10:00 AM,19.435756162872217,10.956130171567
FAB_A,LITH15,2,12,2,-2,I78OY263,05/19/2017,03:02 AM,-16.926269760730218,10.399129819113654
FAB_A,LITH04,1,8,-9,6,BA8X174K,08/10/2017,08:34 AM,4.885255950535634,9.227416207691812
FAB_A,LITH12,1,4,1,2,OQ8J9U28,02/13/2017,05:56 AM,-22.890540984361163,9.67137092326244
FAB_A,LITH12,1,7,2,-8,4PVPGM72,09/26/2017,07:43 AM,18.282392978283987,9.510103340949874
FAB_A,LITH01,2,20,-10,-6,R57XUS0K,03/19/2017,10:41 PM,-22.27829422724789,9.596940416892666
FAB_A,LITH05,1,2,8,7,W4UURDDJ,03/10/2017,06:10 PM,6.52396154271593,9.334229218892563
FAB_A,LITH04,2,16,-8,1,BOR5Z9R4,04/27/2017,07:08 AM,-13.082333841900487,9.227048958897926
FAB_A,LITH15,2,13,-6,-1,P7ROSE0B,12/19/2017,01:00 AM,12.745264619312438,10.406976712685353
FAB_A,LITH06,2,21,-5,-10,9CVJHRHJ,09/16/2017,10:56 AM,20.09729437598749,10.183406036630005
FAB_A,LITH06,2,18,4,-9,J4ZLZJRC,04/27/2017,07:20 PM,-30.942915860545394,9.332370031148882
FAB_A,LITH01,1,24,3,4,GMIOBLZP,07/12/2017,02:21 PM,-26.435471013291934,10.201028460594182
FAB_A,LITH14,1,4,-6,9,S4PVDH9U,04/06/2017,10:59 AM,-0.661353960266293,9.738296565167225
FAB_A,LITH05,1,13,4,-2,Z4OO1G66,08/20/2017,02:40 PM,22.894761461696238,10.306577286122216
FAB_A,LITH15,1,4,4,0,7PS3AWID,02/13/2017,03:09 PM,-10.275501140751347,10.645087363444267
FAB_A,LITH04,2,1,-7,-6,SMTOZ4SL,10/27/2017,10:00 AM,-29.356874250461544,
FAB_A,LITH15,1,12,-2,0,0BWRPSX6,04/14/2017,12:53 PM,-35.059778170168336,10.690267059426596
FAB_A,LITH01,1,12,9,-8,RNSB26HR,08/16/2017,11:48 PM,-51.475094935144675,9.902868790013496
FAB_A,LITH03,2,13,2,-10,XWNCKSDG,11/06/2017,03:35 AM,-17.057088336270255,9.917256221944557
FAB_A,LITH06,1,23,-8,-7,C3780VRV,03/24/2017,03:16 AM,9.562476137073563,10.465677054432184
FAB_A,LITH05,2,8,-6,-4,8R3O92V7,02/08/2017,03:55 PM,-35.86631907562978,
FAB_A,LITH06,2,11,8,4,2F3CP8QJ,08/20/2017,10:38 PM,-25.908969001306996,10.638647808788827
FAB_A,LITH14,1,5,-2,8,7TI77NOH,03/12/2017,07:39 PM,17.041662896289388,10.286731977435808
FAB_A,LITH14,2,20,5,4,4Z0IZ4WJ,06/14/2017,10:15 PM,6.848421565183578,9.768338867075402
FAB_A,LITH02,2,21,1,-6,RPKHFIOL,01/03/2017,11:49 PM,7.392019931437147,
FAB_A,LITH02,1,17,-9,-6,BXQ1E10T,08/07/2017,08:14 PM,-12.853437144713723,
FAB_A,LITH12,1,23,1,-3,9QZ5XFFY,03/20/2017,11:15 PM,5.712869915800446,10.924580443515872
FAB_A,LITH01,2,25,-6,1,ODQ3NWRE,12/13/2017,10:12 AM,45.12057308834631,9.760927434522229
FAB_A,LITH05,1,1,-5,7,KPEUHTCM,06/03/2017,11:31 PM,-11.533637967246216,9.886581330196922
FAB_A,LITH03,2,18,2,-3,I675L0CJ,01/11/2017,12:41 AM,-6.273904372106713,10.521646498302397
FAB_A,LITH06,2,4,4,2,Z6RKKNHL,06/21/2017,11:41 PM,-37.35633634277207,10.006040767091772
FAB_A,LITH06,1,8,3,9,RKPM8D50,12/15/2017,07:44 PM,8.189277617445304,9.865312071045066
FAB_A,LITH01,2,15,-10,-4,BGP5FVRN,09/24/2017,04:50 AM,10.354967667507115,10.566552292545717
FAB_A,LITH01,2,22,-4,-8,RENE3B1S,08/29/2017,10:03 PM,,10.241414128014323
FAB_A,LITH03,1,15,2,1,7SX1I7BO,05/02/2017,02:47 PM,-13.265504908675558,10.068606788458977
FAB_A,LITH03,2,24,1,3,UT0UAYL5,09/21/2017,05:16 PM,10.740502901818335,10.469557350453897
FAB_A,LITH12,1,7,-5,8,JXPYK7YW,07/11/2017,08:23 AM,-39.801576523377726,10.706815773979056
FAB_A,LITH15,1,9,9,4,KZB2LVA7,04/16/2017,04:09 AM,27.799260735166058,9.654208880772527
FAB_A,LITH02,1,3,-6,-9,GNE4WSR7,12/23/2017,02:18 PM,19.867630784465042,10.225605917933162
FAB_A,LITH12,1,7,3,6,HEU00Q29,06/29/2017,06:07 AM,34.499445572730934,10.155279348662031
FAB_A,LITH01,2,17,-10,5,Z5VFU7UM,10/24/2017,07:21 PM,-4.459814650360532,9.660217083176063
FAB_A,LITH02,2,16,-10,7,P3KSWV1C,02/14/2017,09:55 AM,,10.386319496785067
FAB_A,LITH04,1,13,-8,-2,E2D7HP56,03/24/2017,01:59 AM,-5.011454129709601,9.401166287365731
FAB_A,LITH01,2,9,-3,1,53FNW907,04/10/2017,06:57 AM,2.0386563850040034,9.740219315660413
FAB_A,LITH02,1,10,1,-7,9HHXFGNJ,05/27/2017,02:46 AM,-2.0042209623986387,10.444106771072068
FAB_A,LITH03,1,23,2,8,3QJ6MZO7,08/08/2017,08:30 PM,11.555038084642256,10.218256940907821
FAB_A,LITH01,1,5,-1,1,7Y1V8D7B,07/12/2017,09:26 PM,38.65436244429715,9.692858882376434
FAB_A,LITH12,1,14,-7,-6,KRQYGWKY,02/09/2017,12:52 PM,18.1947256081841,10.17871620609926
FAB_A,LITH02,2,7,-9,0,USVJD82L,10/28/2017,04:17 AM,-55.67308908002199,10.590259359190192
FAB_A,LITH02,1,10,-2,-10,WMVD4J8V,05/31/2017,12:27 AM,-12.92934746136524,10.238057559365497
FAB_A,LITH03,2,3,-7,1,72Y1CGYW,02/14/2017,07:13 PM,-10.013556590180016,9.656877094637538
FAB_A,LITH05,2,10,3,-3,F17WHC3E,03/28/2017,12:54 PM,66.47957600990833,10.017667351492522
FAB_A,LITH02,1,17,-9,-6,BXQ1E10T,08/07/2017,08:14 PM,,9.681714986632459
FAB_A,LITH12,1,4,3,3,N0BPWZWY,11/12/2017,06:45 AM,0.2652488545241836,9.92597667369721
FAB_A,LITH04,1,14,9,-5,0VS60KYT,05/02/2017,04:01 PM,-20.875657378022918,10.520121942507076
FAB_A,LITH02,2,11,7,2,1KSYO36X,03/12/2017,08:31 AM,31.871422354485784,9.557053983418387
FAB_A,LITH12,1,23,-10,9,98YW3GJ9,07/25/2017,03:36 PM,24.202479885825728,10.386283135057164
FAB_A,LITH15,1,16,2,5,9N4Z27XV,11/22/2017,06:36 AM,41.65475857163315,10.374656503103678
FAB_A,LITH05,1,21,8,-4,8PNRNYRP,09/01/2017,08:54 PM,-9.375342935263138,9.991656739271283
FAB_A,LITH06,1,16,-9,6,5H0ARRH7,12/24/2017,10:27 PM,20.43595476910156,10.748577968601861
FAB_A,LITH14,2,7,-1,-6,WNEQ0MJZ,01/30/2017,09:22 PM,-54.96103838371897,8.836740979571106
FAB_A,LITH02,1,21,1,-6,MHXE48SO,01/12/2017,01:07 AM,-5.501747912310718,9.863210139622463
FAB_A,LITH14,2,17,2,0,TBOCSI7G,04/21/2017,12:54 AM,13.058045757614408,9.82478760713883
FAB_A,LITH02,1,14,7,-4,I0XOKNXU,11/22/2017,06:04 PM,32.09378778202067,9.69200179381605
FAB_A,LITH06,2,9,8,8,5U3GK90U,05/13/2017,11:33 AM,44.75251166584271,9.894643877494824
FAB_A,LITH12,1,4,6,5,9090DS3J,01/01/2017,07:14 PM,14.863539833476164,10.250865825754774
FAB_A,LITH02,2,16,-1,0,RSIMATKQ,01/31/2017,12:43 AM,41.81647846526406,9.600785776108555
FAB_A,LITH14,1,10,-9,4,MG554PR3,08/09/2017,10:05 PM,16.0204356193247,9.373013468149383
FAB_A,LITH02,1,17,5,0,YD1AMO7U,08/08/2017,05:51 PM,-2.6185392927384066,9.596120248636783
FAB_A,LITH06,2,24,5,3,OIMXUATP,09/18/2017,07:34 PM,-0.21693387930590255,9.760754152182834
FAB_A,LITH02,2,21,1,-6,RPKHFIOL,01/03/2017,11:49 PM,,9.66359294121933
FAB_A,LITH01,2,12,6,-6,JNF1D8J7,05/03/2017,02:07 AM,3.616121014779284,9.986750166883622
FAB_A,LITH06,1,22,-1,3,XPMOAIML,05/17/2017,04:58 AM,14.94878504212431,10.223437081443096
FAB_A,LITH02,2,2,-4,8,KBNN3T82,11/13/2017,11:38 AM,38.599260682033446,9.587109590576446
FAB_A,LITH01,2,1,-7,-9,C0YXUMAF,03/22/2017,01:24 AM,24.12982245241935,11.028129853470443
FAB_A,LITH12,1,23,-1,6,QQ1FVUP9,05/17/2017,06:31 AM,11.594873418594108,10.064786647975827
FAB_A,LITH06,2,18,2,0,BT0A02J3,03/13/2017,01:21 AM,-26.642395018685246,9.146683565002014
FAB_A,LITH12,1,22,9,9,9P2UEU7F,05/03/2017,09:17 AM,14.39082048916843,9.613622759254628
FAB_A,LITH15,2,13,-4,-3,B4WDZMUK,07/02/2017,11:03 PM,0.5550713654793921,8.759816226738492
FAB_A,LITH04,1,24,-3,7,2E3C57IX,07/08/2017,09:07 PM,-20.53699699337201,9.108804579466634
FAB_A,LITH15,1,7,5,-3,KUQRHFKP,12/26/2017,09:29 PM,-27.5001284525722,9.944500774637968
FAB_A,LITH03,2,17,-2,-8,O1UZXONA,07/21/2017,05:06 PM,-8.199233730026265,
FAB_A,LITH04,2,13,2,-2,1FKQAFPH,10/24/2017,12:55 AM,-32.93036779296829,10.21188524895199
FAB_A,LITH02,2,20,2,-8,4G2ZKZX9,12/21/2017,06:47 PM,19.59484186369797,9.588147492982696
FAB_A,LITH15,1,22,-9,-4,VLYRMP55,07/07/2017,02:55 PM,-13.09027414292343,10.177038187876093
FAB_A,LITH03,1,8,-2,2,3NW2D5OU,08/20/2017,05:07 AM,-0.7072895780751252,9.592574407839578
FAB_A,LITH02,1,13,5,8,4P0226JE,02/07/2017,02:46 AM,-1.5903075576461054,10.043146600814445
FAB_A,LITH01,2,19,7,0,F3F1LZWV,05/19/2017,03:20 AM,11.282116444942098,9.289589393435167
FAB_A,LITH04,1,7,-3,8,27VLSX22,01/30/2017,07:03 PM,8.124643831425525,9.723596298978324
FAB_A,LITH14,2,14,-3,2,3GYV6D8J,07/20/2017,11:39 PM,16.432726213830488,9.974414088016447
FAB_A,LITH05,2,15,-8,-3,DW8F6CB1,12/06/2017,08:52 AM,-47.52504498911452,9.935844484949401
FAB_A,LITH01,2,9,-2,4,PGE0DSGR,04/22/2017,07:18 AM,-15.878183346635105,9.399471522301317
FAB_A,LITH15,1,17,-6,8,RHFU64L3,07/22/2017,10:58 PM,-15.638546311160509,9.387552091636838
FAB_A,LITH15,1,7,-7,-1,NU5UIBHC,04/04/2017,07:04 AM,10.9544552338004,10.421890401760637
FAB_A,LITH06,2,23,-3,7,I2LC94OG,08/31/2017,10:23 AM,-16.76835718453199,8.771945347917026
FAB_A,LITH12,1,5,-3,-2,6N3XNOOF,08/25/2017,06:31 AM,35.94855110689099,9.933952019951144
FAB_A,LITH02,2,7,1,4,4C3MUF0S,11/02/2017,03:00 AM,-24.836239516139507,9.284283394245252
FAB_A,LITH14,2,9,-8,4,FO302F1F,10/02/2017,06:38 PM,0.11223127355939341,10.024774693092361
FAB_A,LITH01,2,18,8,-5,C1KN3ULG,01/26/2017,10:21 PM,16.647415327412656,10.099775328115276
FAB_A,LITH06,1,9,0,7,ZAQ8Y5Q2,11/05/2017,01:19 PM,-26.335093519099185,10.586583817668204
FAB_A,LITH01,1,1,5,-9,065X21GK,01/03/2017,01:00 PM,41.993269291449565,10.081634855478242
FAB_A,LITH06,2,18,1,-9,ZTTQU00Q,04/21/2017,08:17 PM,-26.042706903123623,9.984764473129598
FAB_A,LITH15,1,3,0,6,F6M6Y5BD,11/13/2017,04:35 PM,59.1844703722363,10.800016106438735
FAB_A,LITH02,1,5,0,7,AQEG9KQC,01/26/2017,09:44 AM,26.7249845797809,10.603667541988868
FAB_A,LITH12,2,3,-2,-5,4HKLHVNH,11/28/2017,12:11 AM,5.9973300303644175,10.27981685784076
FAB_A,LITH15,1,18,8,6,HSRQXI93,01/31/2017,01:21 AM,15.432652750912734,10.218532324859211
FAB_A,LITH05,2,11,5,-3,OXJE5PYD,06/17/2017,11:08 PM,65.84433607363819,9.90296196399641
FAB_A,LITH04,2,7,7,-5,F46YL1ZK,10/31/2017,05:20 AM,0.07042078565738523,8.848771986377733
FAB_A,LITH01,2,15,7,7,UH0ZVIA1,11/19/2017,07:55 PM,0.6298050637157554,11.185305838532697
FAB_A,LITH14,1,22,9,-8,GM8THUG1,12/28/2017,08:33 PM,-1.9824748120992977,9.21546299505546
FAB_A,LITH04,1,25,-2,-10,ORT2XH53,05/12/2017,08:18 PM,17.040050704959402,9.986455637067547
FAB_A,LITH03,2,12,-9,5,J2JBSTD7,11/09/2017,07:45 PM,62.470128489279254,9.89999341288158
FAB_A,LITH14,1,19,1,1,6B9VBTM6,03/07/2017,12:10 AM,-46.15897533994828,9.724707881844953
FAB_A,LITH06,1,24,-1,-7,KZTVG1YX,02/12/2017,09:40 AM,-16.503878883185546,10.243097701845638
FAB_A,LITH05,2,15,-8,5,CW1Q5EIL,03/06/2017,05:15 PM,3.343977336560918,9.535955004174676
FAB_A,LITH01,1,1,-1,6,8A9V7VAT,05/19/2017,02:51 PM,4.468523502314925,10.442341256093098
FAB_A,LITH03,1,5,3,-2,P82E3I7U,07/04/2017,03:49 PM,-10.685354019010305,9.757328378569797
FAB_A,LITH15,2,14,-2,5,EUKYIJ3O,01/09/2017,01:01 AM,-27.975040936738647,10.067653743034734
FAB_A,LITH03,1,18,8,-7,F9JR7O7T,01/10/2017,10:09 PM,16.325889455788094,10.454814155096841
FAB_A,LITH14,2,23,-10,0,023IATEQ,10/29/2017,08:32 PM,-59.828931775383765,9.809063741474294
FAB_A,LITH03,2,4,0,-8,VJEBL8R7,06/01/2017,09:43 PM,9.327018496749876,9.384112323593918
FAB_A,LITH01,2,13,2,2,Z6MVWHB7,12/26/2017,04:45 AM,-7.1812402878693895,10.075811046232339
FAB_A,LITH06,2,13,9,-7,6568P27P,02/17/2017,11:14 PM,-21.790717357217204,10.217521054023047
FAB_A,LITH04,2,17,-2,-4,ZW8A4OGM,10/15/2017,11:54 AM,-3.619735642864938,9.837964723074633
FAB_A,LITH02,2,15,0,2,ZLPZVNKJ,03/29/2017,12:38 PM,-30.49706219148761,10.127491607149622
FAB_A,LITH01,2,17,-4,-6,K4I0K7OW,08/30/2017,04:57 AM,16.916871916578867,10.352374870281961
FAB_A,LITH14,1,23,-7,-3,FE1JKC6O,08/19/2017,10:09 PM,19.081571611627197,10.598774633411763
FAB_A,LITH02,1,5,-1,1,GK7VXEOA,08/10/2017,10:00 PM,4.853414258618101,10.107166517998152
FAB_A,LITH02,2,17,7,-8,OO5J6LKY,01/15/2017,12:07 AM,13.062213547023504,10.172378886803921
FAB_A,LITH15,1,18,-6,-10,XP1CI1M2,05/28/2017,02:29 PM,30.082009502863805,9.786724127127455
FAB_A,LITH15,2,23,-7,2,7MNID9BG,10/26/2017,03:56 AM,5.029780023139223,9.683770266412155
FAB_A,LITH14,1,17,-7,4,CD14X12T,05/19/2017,09:43 AM,-51.39488093853185,
FAB_A,LITH02,2,1,4,-6,OMFKOT7B,01/02/2017,09:05 AM,-11.294048831636852,9.292160686855752
FAB_A,LITH12,2,4,-6,1,2652AI4K,05/10/2017,01:04 AM,38.57148861172419,10.339016093728219
FAB_A,LITH03,1,18,-9,-10,04C62ZK3,02/24/2017,06:10 PM,9.135136153771601,10.099951413437347
FAB_A,LITH04,2,8,-1,6,82YUQ5JG,09/10/2017,04:52 AM,-41.18717620879829,10.641408016890832
FAB_A,LITH03,1,9,-8,4,4DGB5C5M,10/20/2017,06:14 PM,,9.891622858847423
FAB_A,LITH12,2,4,-5,-4,V7GGLQ0K,11/09/2017,08:45 PM,29.002059109219818,10.122192600070482
FAB_A,LITH14,1,2,-6,0,L44IYHS3,05/01/2017,01:43 PM,7.957569850310129,10.119342684371345
FAB_A,LITH06,1,24,6,-8,GNNM4Y0A,02/18/2017,06:58 PM,28.50525896198817,10.92606740878208
FAB_A,LITH04,2,10,-5,4,IMI7ADFH,05/17/2017,11:59 PM,-45.56855545326939,10.13266215242222
FAB_A,LITH05,2,2,-4,-4,07119RML,11/03/2017,05:06 AM,-10.338791866059253,9.461818730126442
FAB_A,LITH14,1,5,5,-2,9N7TP5A9,11/03/2017,08:22 AM,15.991156717447206,9.045111497336025
FAB_A,LITH15,2,8,-9,-7,T25WFVLR,10/25/2017,09:15 PM,-24.097584290143974,10.161465326640977
FAB_A,LITH06,1,11,-10,5,HQP2DMRQ,06/03/2017,03:27 AM,1.3425950893264256,10.735356242570223
FAB_A,LITH03,2,16,-1,-3,GT0M3J43,07/02/2017,11:55 PM,-2.1713103913650222,9.051662276744043
FAB_A,LITH15,1,5,-10,0,2U2STCRO,07/16/2017,06:20 AM,-9.129434380052377,10.308125913517937
FAB_A,LITH03,1,1,-4,-7,W9M6XD16,06/18/2017,05:51 AM,0.7032615111217149,10.697532422642002
FAB_A,LITH15,2,13,-4,-9,7A02Y47Q,05/11/2017,04:18 AM,-24.14030091305094,9.059408130144933
FAB_A,LITH12,2,25,4,-10,WLI4CNGI,01/18/2017,05:19 PM,14.586154654326155,8.751620476133082
FAB_A,LITH02,1,25,-9,3,04CBBUWH,11/13/2017,10:55 AM,-31.220381615247128,10.419118756474932
FAB_A,LITH03,2,15,-10,-7,FWFI4U0G,08/26/2017,09:56 PM,22.795247083029576,10.33914187437559
FAB_A,LITH06,2,1,3,9,QM37Z7IB,01/05/2017,11:13 AM,17.710822559866656,10.857220471789661
FAB_A,LITH15,1,12,-5,4,1C7T4QDV,08/17/2017,08:07 AM,-33.19567999249895,10.609958435249078
FAB_A,LITH05,2,5,6,-1,GVVV58FQ,06/13/2017,11:40 AM,-23.31775460465933,9.263244189464418
FAB_A,LITH06,2,22,9,-8,KTWRKFBF,12/30/2017,05:07 AM,8.913333351971682,10.425898321962045
FAB_A,LITH01,1,23,9,9,KYNW3CXC,05/21/2017,04:13 PM,,10.180832396131386
FAB_A,LITH06,1,15,6,-9,3KAK6MMW,12/08/2017,01:55 AM,-14.42763437570142,9.420659209161219
FAB_A,LITH01,1,23,-9,-9,M4FELC9B,12/12/2017,02:07 AM,44.550892100200706,9.69163158647417
FAB_A,LITH12,2,19,5,-10,NVRF9IQE,05/26/2017,06:29 PM,13.575195496093162,9.894277818842095
FAB_A,LITH02,1,24,7,-8,7SPII52O,11/12/2017,06:00 PM,41.466347136806526,9.402377349462554
FAB_A,LITH12,1,24,-9,8,0JID6HP5,08/17/2017,10:29 PM,-8.880051892545794,9.879034419919588
FAB_A,LITH03,2,11,-4,-4,QSUWDDUX,01/04/2017,10:26 AM,30.317411273537708,9.313689578711397
FAB_A,LITH15,1,2,3,-3,MEFB423P,01/17/2017,06:15 AM,62.83471011787427,9.436484520349858
FAB_A,LITH14,2,21,-1,0,OCIF9DK3,09/12/2017,03:48 AM,-18.68087998182045,10.718839099211763
FAB_A,LITH06,1,2,-3,-5,WDV1C4BF,08/05/2017,01:51 PM,-4.449179192039324,10.84378133415328
FAB_A,LITH15,1,4,2,0,8R6KGWTA,06/05/2017,07:00 AM,16.26190030372338,9.78474449881191
FAB_A,LITH04,1,9,5,9,E8AJ1X18,10/25/2017,08:40 AM,-0.4546604086015613,9.74390360185556
FAB_A,LITH14,1,2,-2,-5,57AL2HS9,10/23/2017,10:11 AM,-21.68233695626059,10.456086120990697
FAB_A,LITH02,2,10,-5,-4,YGPCQJOW,11/06/2017,08:27 PM,63.43871294566531,9.621966032002398
FAB_A,LITH01,2,18,-10,6,A2DYDT3F,12/03/2017,04:35 PM,12.056348661186792,10.53318027762763
FAB_A,LITH12,1,10,5,-2,D6NPZLAB,03/13/2017,04:29 PM,-9.08911244224818,9.454292994704662
FAB_A,LITH12,1,18,-2,0,NZGNDXZN,05/29/2017,05:31 PM,5.197159356324887,10.086077296098908
FAB_A,LITH05,2,9,-3,-1,X0SQJVTR,04/16/2017,04:08 AM,8.356611956913154,10.56813979271951
FAB_A,LITH03,2,5,5,7,R3ADFNUL,08/31/2017,11:37 PM,-0.5076587841398452,10.632812068110493
FAB_A,LITH05,1,2,-2,2,ZSEB7ZTO,02/02/2017,07:31 AM,32.33443839303293,9.128620940931413
FAB_A,LITH15,1,16,0,-7,9G6PHSL0,05/15/2017,04:29 AM,6.437432992547384,9.692681966225578
FAB_A,LITH03,2,11,0,1,SVJFQC9C,12/21/2017,02:59 PM,13.962773468108377,10.144995629839183
FAB_A,LITH01,2,22,-4,-8,RENE3B1S,08/29/2017,10:03 PM,-9.77051335622346,
FAB_A,LITH02,1,6,3,-9,WSCTHQ9U,01/24/2017,07:32 AM,46.96760281629759,11.154210427080006
FAB_A,LITH12,2,21,-6,-10,T4HKBRKY,05/17/2017,02:06 PM,31.477402162206875,9.402875736398828
FAB_A,LITH06,1,16,-10,1,DFXUAM1J,02/26/2017,12:25 AM,33.55175935075641,
FAB_A,LITH02,1,19,-5,-6,XFL7HAU4,08/18/2017,10:00 PM,2.6420698414756902,8.400573716726564
FAB_A,LITH03,2,7,-8,-8,KME36Q18,07/06/2017,11:12 AM,11.932779353578168,9.796552991969952
FAB_A,LITH15,2,13,9,-10,C1XT3BV5,08/23/2017,01:55 PM,-32.841354143751126,10.587221205798865
FAB_A,LITH14,1,16,5,-7,KQEOQ2WC,09/20/2017,08:52 PM,44.231270741106044,10.103076488574622
FAB_A,LITH04,2,8,-6,9,W9ONQUVM,01/01/2017,03:42 PM,22.681392801261932,10.307330926045655
FAB_A,LITH03,1,13,7,4,B1XF3C7H,06/24/2017,10:15 AM,14.918871983338914,9.353317213363795
FAB_A,LITH14,1,17,-4,0,H63L90VJ,05/17/2017,05:52 PM,-21.651822369346036,10.125295585853205
FAB_A,LITH05,2,24,9,-7,JH7BNF6D,05/17/2017,11:54 PM,8.71105139354518,9.394002689342656
FAB_A,LITH02,2,15,7,-7,YRCNK3F4,01/20/2017,06:10 PM,6.898716256446065,10.27520351721977
FAB_A,LITH05,2,5,-7,3,JVRYI8NZ,11/05/2017,08:50 AM,-52.81044743461744,9.83374147590738
FAB_A,LITH02,1,4,3,-5,AFK5XVOK,09/05/2017,10:01 PM,5.343064885923576,9.980560970177084
FAB_A,LITH06,1,2,-10,-9,E5H6FDGE,07/18/2017,04:17 AM,22.109858682352847,9.29465142370772
FAB_A,LITH06,1,15,5,-3,GMQDCYAL,04/02/2017,01:08 AM,-51.72065152204552,9.985096153669906
FAB_A,LITH03,2,4,-10,-4,1HDCN6BY,10/04/2017,07:40 PM,-4.6787278628799545,10.144569439163902
FAB_A,LITH12,2,12,-10,-2,JZV4Z97D,06/21/2017,09:11 AM,-10.399932569004006,9.664601380521276
FAB_A,LITH04,1,16,4,7,RQ6TKJAZ,12/01/2017,12:44 AM,16.340484215367688,9.981733038588706
FAB_A,LITH01,2,18,3,-3,A1A9VKSO,08/26/2017,11:14 AM,31.755081932028755,9.194712657128102
FAB_A,LITH03,1,12,-3,5,HU5UIYP9,03/11/2017,04:16 PM,-19.94274553768333,9.781427474736425
FAB_A,LITH03,1,19,-4,3,GZ33SXI7,12/30/2017,12:27 PM,24.325575023073817,10.359035093296832
FAB_A,LITH06,2,23,8,-4,1J3IOSS6,03/10/2017,11:12 PM,44.91950582578764,9.98358271996746
FAB_A,LITH05,1,1,-10,4,BXEGVBYQ,01/24/2017,06:50 PM,-32.14467419462505,9.80126967272527
FAB_A,LITH04,2,9,-2,9,SVCBJHXK,11/23/2017,04:54 AM,13.874466382867615,10.243762664414952
FAB_A,LITH05,1,10,-8,7,CGPL45L3,01/04/2017,10:06 AM,41.07050750395947,10.164832822957518
FAB_A,LITH12,2,16,2,5,N0V0YNBQ,02/05/2017,01:07 AM,-0.14076622014513457,9.696264733915635
FAB_A,LITH02,1,4,1,-5,5GMI7N9I,11/03/2017,07:17 AM,8.06898434221388,8.943226078798126
FAB_A,LITH06,1,18,2,-5,FH9HLPJX,08/24/2017,09:10 AM,10.712539512086114,10.365208057912646
FAB_A,LITH01,2,10,-3,7,56WZI0HD,07/26/2017,03:47 PM,48.433856502486016,10.599337613721437
FAB_A,LITH14,2,17,-9,-2,CV7Z6EQ6,11/21/2017,10:47 AM,-48.11783586757781,9.481021006268737
FAB_A,LITH03,1,12,6,-10,MZVCSCP8,09/11/2017,06:10 PM,-19.049887384470495,9.827501741337308
FAB_A,LITH01,2,16,0,1,GRC6K0IG,05/20/2017,05:56 PM,42.47715204628681,10.310886232145581
FAB_A,LITH04,1,13,4,1,YAO6IQ0I,12/24/2017,10:39 AM,-6.919189903693974,10.290925501033112
FAB_A,LITH06,1,25,1,-6,2YOL6KBM,10/05/2017,03:54 PM,-2.61106393902043,9.936560527772032
FAB_A,LITH04,1,12,-6,7,93EUTHMF,04/28/2017,04:59 PM,9.040196083853601,10.354087086408867
FAB_A,LITH05,1,5,-8,3,UKMS9MVH,02/14/2017,07:08 PM,0.13095714914602935,9.897204898346153
FAB_A,LITH06,2,25,7,1,RW3IWW2C,12/12/2017,07:01 PM,-18.639618990464882,8.872778169368454
FAB_A,LITH05,2,14,8,3,XGH6FPA0,02/19/2017,01:59 PM,18.856733315623238,10.454556620776346
FAB_A,LITH03,2,19,5,5,0306QGQK,04/07/2017,05:29 AM,-0.8623345253013651,10.308745729504913
FAB_A,LITH05,1,2,7,-8,0X3Z7MP5,12/26/2017,02:23 AM,4.218205487952565,8.789796095532473
FAB_A,LITH05,2,13,3,8,6VI1DWES,04/08/2017,01:13 AM,-25.715681591795082,10.148801225673845
FAB_A,LITH15,1,16,-10,8,ZDFBSLUT,12/13/2017,11:20 AM,10.658325737850786,10.090224492356027
FAB_A,LITH15,2,17,-2,-1,9CS44QPZ,02/10/2017,08:17 PM,8.758724632574065,10.207583472970954
FAB_A,LITH03,2,14,-5,5,5JY1SE3U,08/18/2017,10:44 AM,5.152445746740268,10.239073875547046
FAB_A,LITH06,2,16,-9,9,QJ04QLTL,12/15/2017,11:38 AM,26.015553768998394,9.5644908725311
FAB_A,LITH15,1,15,6,-9,FUGKI6XR,08/16/2017,10:11 PM,-56.36738126325884,
FAB_A,LITH05,2,18,6,-3,Z5RO4ML8,07/17/2017,10:13 AM,18.886083111524943,9.814721699955859
FAB_A,LITH15,2,11,7,5,F4ZQYHLS,08/24/2017,12:03 AM,-18.08369577048788,10.663663792019548
FAB_A,LITH14,2,8,-3,-10,7SFSLP7J,02/24/2017,04:40 AM,55.170480491084994,10.655390691044767
FAB_A,LITH05,1,1,7,9,YBBTGJJT,10/25/2017,10:29 PM,14.585896587141411,10.683773053070917
FAB_A,LITH06,2,10,-4,6,2MT8ZKSX,08/17/2017,08:23 AM,-0.779510410858209,9.127930169500862
FAB_A,LITH02,2,25,-3,1,SDU9SEGY,12/08/2017,01:51 AM,8.659533242523054,9.83588282628084
FAB_A,LITH02,2,9,-9,1,20WF8PF6,03/25/2017,01:52 PM,-16.861692595743165,9.411813185574303
FAB_A,LITH04,1,19,9,8,5IY2A9C3,06/28/2017,06:14 PM,-48.68791457175524,10.154323620910013
FAB_A,LITH14,1,17,-7,4,CD14X12T,05/19/2017,09:43 AM,,9.780768843189808
FAB_A,LITH01,1,5,-5,9,VUK0HG64,11/29/2017,11:37 AM,1.1350290528556188,10.265345035744959
FAB_A,LITH01,2,4,-8,-2,0P1I3K34,09/20/2017,04:57 AM,7.165490773379034,9.480126256193195
FAB_A,LITH03,2,8,-9,3,H5JAE3HB,06/24/2017,11:09 PM,-6.9125272391725305,9.712159027685948
FAB_A,LITH02,2,9,0,7,H0IK0WTR,05/06/2017,09:22 PM,13.635389639150619,9.657704149503354
FAB_A,LITH01,2,16,-8,-9,GJ9MHHWN,04/05/2017,06:12 AM,-23.963088491378578,10.144182785854746
FAB_A,LITH03,1,16,2,4,FZDDT5YJ,09/25/2017,11:48 PM,15.704183444340694,9.953472650820595
FAB_A,LITH05,2,13,-7,9,L5FP3K7A,02/04/2017,04:23 AM,16.81210729691653,10.057858499921647
FAB_A,LITH15,2,4,2,2,1FBFZNZ3,04/22/2017,04:33 AM,-10.890136225745438,9.292616387434451
FAB_A,LITH04,2,18,4,-10,AE394OXV,12/10/2017,10:30 PM,-9.292125390368652,10.802950620674064
FAB_A,LITH04,2,18,-9,4,EHKRU1D9,07/29/2017,06:29 PM,9.820679743298507,10.373223232169401
FAB_A,LITH06,2,21,7,7,3AUYGIPO,06/09/2017,05:28 AM,3.2048080857015853,10.17142877417373
FAB_A,LITH15,2,16,-5,8,CDIWHF05,03/01/2017,08:32 AM,50.6549228059536,9.656166379172712
FAB_A,LITH06,1,2,3,-1,DFAFJ8DK,08/13/2017,07:22 AM,22.360910489847246,9.474760461828339
FAB_A,LITH04,2,23,-4,-4,M3YGZLIO,03/03/2017,03:27 PM,12.333190244126541,10.718799052397914
FAB_A,LITH01,1,7,-1,-5,D4UYIDI0,05/09/2017,06:38 PM,64.47671340028776,
FAB_A,LITH01,1,25,4,-1,9OEQARZO,06/18/2017,11:46 PM,-12.796219617481652,9.937873141500456
FAB_A,LITH15,2,11,4,3,8H0NM2RQ,04/09/2017,06:38 AM,-43.34219129590353,9.597092516513847
FAB_A,LITH14,1,8,-10,6,4PSH8FW5,03/21/2017,05:48 AM,0.8590706733583783,9.497253459691725
FAB_A,LITH15,1,4,-5,6,WB3ZHF8B,02/23/2017,06:54 AM,-26.37300444255464,10.418085883958787
FAB_A,LITH14,2,9,4,3,ZDC3UVVI,08/31/2017,09:49 PM,-0.3358444215950744,10.393521237876131
FAB_A,LITH05,2,20,7,-5,RAIXY4TJ,07/11/2017,01:45 AM,12.900759647434782,10.37137684699822
FAB_A,LITH12,1,14,-9,-6,L0TLRTR2,01/13/2017,11:24 AM,-17.20161978383245,10.216782040769017
FAB_A,LITH01,2,5,-6,-5,MDFH1SKU,02/25/2017,09:30 AM,1.7252572293731328,9.925312381946847
FAB_A,LITH03,2,22,-8,-10,S6LZTVMO,04/19/2017,11:21 AM,-27.988061264210096,9.23072001709998
FAB_A,LITH12,1,20,6,-5,4EGBZAQC,01/08/2017,05:01 PM,-51.07904935855087,11.130501778566202
FAB_A,LITH04,2,6,-8,-5,30FXTEGD,09/16/2017,08:53 AM,32.08227499208775,9.734623589965297
FAB_A,LITH05,2,25,-3,-7,K3IGT50J,12/28/2017,01:09 PM,45.907860864780694,10.917907312195414
FAB_A,LITH05,1,4,2,5,KP7ZE1R1,09/09/2017,02:54 AM,-34.58618598884327,9.310071539240587
FAB_A,LITH02,2,6,-6,-7,B48R4CJL,07/07/2017,05:09 AM,-15.887721056989742,10.224431740085182
FAB_A,LITH06,1,3,-6,1,F0XFDST0,04/06/2017,08:27 PM,36.9788204954229,9.298519961879682
FAB_A,LITH15,1,6,3,4,7P7PZW5V,09/01/2017,10:12 AM,4.317110124000494,10.202073246822776
FAB_A,LITH02,1,5,7,-1,SUHAXPYU,02/27/2017,02:20 PM,36.053642396781186,10.572434154560522
FAB_A,LITH05,2,5,7,-6,IPT2O99K,09/04/2017,11:40 AM,-3.889616290406418,9.850738430526992
FAB_A,LITH14,1,23,-3,-2,LR2PFQNE,07/20/2017,06:00 AM,43.94347843858773,10.078242772682929
FAB_A,LITH14,1,24,-9,6,VDGFIQMR,02/24/2017,06:51 PM,-4.838777295569915,9.167149973783786
FAB_A,LITH06,1,7,4,2,ZVAUDU04,12/02/2017,07:47 PM,-46.18945665432118,10.404606068483014
FAB_A,LITH14,2,24,-2,-8,AHJD8XTA,03/22/2017,01:11 AM,1.7677278264398417,10.205084965197909
FAB_A,LITH15,1,13,7,9,M4EVQ4F5,04/28/2017,02:32 PM,18.260089030357182,9.647768257642207
FAB_A,LITH15,2,11,8,-7,L59ALJU7,03/17/2017,04:21 PM,-34.80814507404249,10.677158552614616
FAB_A,LITH04,2,5,1,7,97ZVMIMV,12/24/2017,06:21 PM,41.701684658832136,10.528954763317204
FAB_A,LITH12,2,3,8,-1,WP48WEB7,07/16/2017,07:02 PM,39.79210140816083,9.947320174279218
FAB_A,LITH06,1,4,-4,-10,QVIZF5IX,11/25/2017,09:14 AM,-6.31424401093334,11.168642987168283
FAB_A,LITH15,1,12,9,6,Y2I409P4,05/14/2017,09:12 AM,12.048028622808966,10.296713820585133
FAB_A,LITH03,2,5,8,1,5MZZXGT7,06/19/2017,02:32 AM,-14.386597758325648,9.570466366756383
FAB_A,LITH02,2,23,-6,7,9Y8F5AGX,05/29/2017,07:43 AM,32.694094210462836,9.624720155544372
FAB_A,LITH15,2,9,-2,4,5QMZ287C,01/30/2017,07:14 AM,-14.430796740742247,10.478511761030713
FAB_A,LITH05,2,7,2,-9,1OYXRJN4,12/02/2017,05:22 PM,-11.424760474579937,9.726724245283474
FAB_A,LITH03,1,21,-3,0,E9M84NST,09/15/2017,03:00 PM,6.781579824652684,9.238564952366799
FAB_A,LITH02,1,2,6,1,F29C7E8T,12/09/2017,01:24 PM,-43.35149250939809,10.410972707201473
FAB_A,LITH03,2,24,2,8,1L1SOGGU,09/28/2017,09:38 PM,-7.823881008447396,9.323644608440931
FAB_A,LITH03,1,5,1,0,EQN0G74V,12/22/2017,11:29 PM,40.24888443090776,10.122026715189218
FAB_A,LITH05,2,15,1,-8,RIPNRNDM,09/22/2017,05:50 PM,-12.443514153074007,9.59756717971896
FAB_A,LITH04,1,8,-4,4,6IK1P8LU,08/29/2017,08:37 AM,-16.640159016080464,9.767122510264105
FAB_A,LITH05,2,16,8,9,VDK44IUK,12/17/2017,07:14 AM,-20.084371832128113,10.002000039722079
FAB_A,LITH14,2,2,1,6,882U8XQ0,01/27/2017,07:00 AM,-0.9569613968780805,11.212997250318669
FAB_A,LITH06,2,5,-2,-8,EZ019XXD,10/05/2017,08:58 PM,34.20178024296862,10.399397766332626
FAB_A,LITH03,2,5,9,-1,AB63J0L4,09/30/2017,10:45 PM,29.60194108542457,9.958126567589405
FAB_A,LITH05,2,7,-8,7,QL6REJHV,01/04/2017,03:50 PM,-28.653036677626808,9.983566886780428
FAB_A,LITH14,1,17,3,8,G8EDHLJ2,01/02/2017,08:45 PM,23.090081548485504,9.881473381956628
FAB_A,LITH12,1,24,8,-5,NNT5S8AO,05/27/2017,10:19 PM,53.48359139983101,10.978744448987275
FAB_A,LITH15,2,14,6,-8,FGGRAMLL,06/07/2017,02:24 PM,0.5042481175616711,10.593221116915927
FAB_A,LITH03,1,25,-8,3,CMYA5UBB,12/02/2017,04:34 AM,23.001605501085297,9.853769897505538
FAB_A,LITH15,1,10,1,8,QDQPA2MC,09/23/2017,11:59 PM,13.675932307778899,9.611997008274052
FAB_A,LITH03,1,20,5,7,3JJ4R8SM,11/04/2017,05:43 AM,14.87366143802123,9.20531778748327
FAB_A,LITH03,1,21,-1,1,N169ONPC,04/23/2017,03:53 AM,-2.2511025084050984,10.435848748938021
FAB_A,LITH05,2,21,-9,-1,PZAGJJ0X,07/22/2017,12:24 PM,-8.226127219431005,9.675096746800913
FAB_A,LITH02,2,17,6,-1,1MV1D73Z,08/12/2017,07:02 PM,-1.1927942682389288,10.085773010519567
FAB_A,LITH05,1,14,-4,2,Y7IIG7UA,04/23/2017,06:01 PM,17.43201162870301,10.495431893837923
FAB_A,LITH02,1,16,-7,-8,EUOM6LL9,09/26/2017,05:00 AM,-49.00801378240201,10.624103796925624
FAB_A,LITH03,2,17,-2,-8,O1UZXONA,07/21/2017,05:06 PM,,9.577635882199683
FAB_A,LITH06,1,21,8,-8,X62006ZN,08/31/2017,01:41 AM,9.746473390219895,10.004174249158323
FAB_A,LITH15,2,2,6,7,FEKV4APD,04/21/2017,08:21 AM,9.051015229505769,10.310822393348623
FAB_A,LITH04,2,8,2,2,FTBLMHSH,11/27/2017,12:51 PM,34.50544642486692,9.428378450224335
FAB_A,LITH05,2,15,9,4,MKSUAKAE,12/13/2017,04:34 AM,7.050198138224985,10.057503476185918
FAB_A,LITH05,2,8,5,-8,FXQQCKW9,12/24/2017,09:45 AM,-45.35030588735622,10.062961771960598
FAB_A,LITH05,1,7,7,0,Z1KF49EM,08/31/2017,05:54 PM,-29.962252933916496,9.95210647289367
FAB_A,LITH15,2,18,-10,-2,9ZFIKVPX,05/04/2017,09:21 AM,3.3174043544447396,9.47422764669826
FAB_A,LITH15,2,22,-10,8,I3MNVU0Q,01/09/2017,09:20 AM,-12.457123115605357,10.284720539970166
FAB_A,LITH06,1,1,6,1,TJX43NVC,10/17/2017,03:12 AM,4.389021829803562,10.548472713016139
FAB_A,LITH05,1,22,-5,-9,PPPKOIMA,09/13/2017,11:57 AM,23.775877613018416,9.722475927046965
FAB_A,LITH02,1,23,-9,-4,GXODB88A,01/08/2017,01:22 PM,-6.95360591122338,10.05039283423956
FAB_A,LITH03,2,14,-10,-6,2AY7OTJB,10/29/2017,02:50 PM,14.765429126364351,9.801386803593562
FAB_A,LITH01,2,17,-4,1,ACW8EXNE,02/18/2017,06:04 AM,1.7970518945501897,9.192402952530935
FAB_A,LITH06,1,11,8,0,B3C5CYRO,06/07/2017,09:57 AM,28.923047129971852,10.091604896656182
FAB_A,LITH15,2,4,1,1,A6MH6PM4,07/26/2017,03:07 AM,27.91203923284752,10.76177592511204
FAB_A,LITH14,2,15,0,9,4Z040OD8,12/28/2017,08:14 AM,0.3445953212499929,10.224156734383138
FAB_A,LITH05,1,24,3,7,13REKSXO,08/02/2017,08:00 AM,-18.724526381290783,10.041824469888173
FAB_A,LITH06,2,6,3,2,96NDUMZG,08/14/2017,01:30 AM,-6.602108857080609,9.031958666925759
FAB_A,LITH14,1,16,8,4,VWBOL79F,02/18/2017,11:40 AM,24.352583637942914,10.778964043380844
FAB_A,LITH01,2,18,6,3,7Z1DKDDF,04/09/2017,02:03 AM,32.30493830397319,9.590463714543702
FAB_A,LITH15,1,11,7,-2,V21YNFU4,04/05/2017,06:03 PM,-15.725358560914406,10.55246805732567
FAB_A,LITH02,2,10,-4,7,YTCTHZF8,05/04/2017,01:46 PM,-10.85255365308079,9.189565955825202
FAB_A,LITH14,2,24,-5,-1,EK5IDC78,08/14/2017,06:49 PM,-34.61373912020449,10.260235974503171
FAB_A,LITH01,1,22,6,-7,XUPZ5WUD,05/10/2017,11:05 PM,-12.480491523446792,9.143766846899474
FAB_A,LITH02,1,12,-9,7,OC1O439F,03/13/2017,03:18 AM,35.19692162795437,9.847489537236882
FAB_A,LITH04,1,22,-1,-5,JWTI9VFG,09/08/2017,12:45 PM,33.66832085646428,10.631055010118875
FAB_A,LITH15,2,20,-9,-1,UD0K1PPY,04/06/2017,04:44 PM,12.5814767120141,10.035997463644541
FAB_A,LITH12,2,22,0,-3,OL0LITF6,09/03/2017,07:43 AM,2.323714032294571,10.439338933026601
FAB_A,LITH14,2,2,-6,-9,KM3X5YU2,06/08/2017,01:31 PM,-13.334782845941923,9.733974265563072
FAB_A,LITH06,1,14,-6,-9,MNYP0E4P,07/17/2017,06:16 AM,-23.983687654868298,9.946224277780935
FAB_A,LITH05,2,13,3,4,8RXSE55I,08/19/2017,10:58 PM,8.670959712235838,9.341397553311285
FAB_A,LITH01,1,8,0,6,W7A55EN2,05/18/2017,02:15 PM,-19.88815597608099,9.7575408306465
FAB_A,LITH06,2,10,2,-6,IN07PLB5,08/29/2017,07:25 AM,66.62923757301027,
FAB_A,LITH05,1,19,7,-8,D6SV7QY9,07/31/2017,08:27 PM,-28.11137365707109,9.560689516562947
FAB_A,LITH02,2,12,2,7,OCQLJEQL,11/08/2017,09:37 AM,-13.209540696046995,9.822283106077222
FAB_A,LITH15,2,2,-5,4,97CIX4J8,01/09/2017,08:28 PM,-20.53061479049376,9.563026765954852
FAB_A,LITH12,2,5,3,-3,G6T1THQS,11/12/2017,11:35 PM,16.87311042990383,9.864314982861856
FAB_A,LITH01,1,25,9,-5,YMXYNKC6,05/15/2017,08:00 AM,29.09413721897833,9.132186872076701
FAB_A,LITH03,2,3,0,-6,1JLW7Z3H,04/16/2017,03:14 AM,4.0859616085225685,10.721927492594016
FAB_A,LITH12,2,22,9,-3,5JGX3S3O,12/07/2017,07:48 PM,9.340790953093963,10.502663410238934
FAB_A,LITH14,2,18,6,1,BE3M1G1D,06/05/2017,02:04 AM,36.35959046309844,9.22702101060791
FAB_A,LITH04,1,21,3,-2,KX0INVTW,06/22/2017,09:31 PM,15.097667937255551,10.477717233179696
FAB_A,LITH06,1,15,5,5,DKFZ0MF8,01/23/2017,08:17 AM,17.05920754476351,10.89011366738243
FAB_A,LITH01,2,7,-1,8,DRFEQBA5,10/23/2017,02:11 PM,4.06178361717122,10.166008690325686
FAB_A,LITH14,2,19,6,8,HSO2PWK4,07/11/2017,05:27 AM,-6.321143298746904,10.35189000617602
FAB_A,LITH12,2,17,-7,-5,6VRHLCDP,10/02/2017,04:24 PM,21.600578267013375,9.138082002302705
FAB_A,LITH01,2,2,-5,4,UFCNCBGN,12/28/2017,09:18 AM,13.47435741305848,9.88159372961039
FAB_A,LITH15,1,16,-6,-1,UHPQ5S5O,08/04/2017,10:08 AM,-20.309047242194058,10.663113214176065
FAB_A,LITH04,2,9,-10,-3,TNWJ0IJ9,01/30/2017,01:28 PM,-42.520169783818126,9.640738631623492
FAB_A,LITH12,2,20,-6,6,6IOCV5NH,07/13/2017,11:07 AM,14.037698473603463,10.53392652344459
FAB_A,LITH14,2,14,-7,-7,DU0VB9J0,01/04/2017,12:25 AM,22.170501748942954,10.954855304384278
FAB_A,LITH12,1,16,-1,0,S20VVX7J,04/03/2017,03:58 AM,-21.3606181456446,9.621641928884602
FAB_A,LITH15,1,22,-7,-1,UEAM96P6,08/17/2017,09:15 AM,-21.534185041490094,10.759637067577005
FAB_A,LITH01,2,1,-1,4,30Z56A3F,04/08/2017,09:37 PM,31.257227386825033,10.211263217204525
FAB_A,LITH12,1,9,8,6,Y6TLJZLN,01/09/2017,08:09 AM,-41.29562587796936,9.676670205892231
FAB_A,LITH02,2,15,7,-4,41LH5X4R,01/16/2017,01:48 PM,20.607654355737523,10.297051343077012
FAB_A,LITH01,2,16,-9,9,MLUMP0W3,08/30/2017,07:26 PM,-11.499699548681546,9.836019704781652
FAB_A,LITH02,2,15,-10,-10,L0YL89SJ,07/14/2017,11:20 PM,2.3900367035414343,9.551400835636839
FAB_A,LITH06,2,20,6,-2,YTZ1BL9Y,05/26/2017,04:20 AM,12.020747789078376,10.053427794068398
FAB_A,LITH04,1,15,4,1,XBBZ49LQ,11/22/2017,01:37 AM,-15.691070235110601,10.092669805659327
FAB_A,LITH06,1,24,6,-2,ADJUYHF5,12/25/2017,09:23 AM,-17.306298104994102,10.290334977815007
FAB_A,LITH05,1,8,0,-3,TC12C39F,05/06/2017,02:02 PM,46.12546918289913,10.384507755789137
FAB_A,LITH01,2,10,9,-10,GC26VRJ7,05/19/2017,02:33 AM,30.96671636274489,10.480984483749165
FAB_A,LITH05,2,10,8,-8,4HKQNP33,11/13/2017,12:30 AM,-30.238235395443276,9.811383350282716
FAB_A,LITH14,1,23,-8,-9,NRQITWOL,12/30/2017,07:30 AM,3.0187206545916023,9.946964753724076
FAB_A,LITH12,2,7,0,-6,X1GXLP8Q,05/04/2017,11:14 PM,-35.84173277664764,10.219395457567822
FAB_A,LITH12,2,23,-9,3,2YI6SN2A,04/03/2017,09:49 PM,15.89748144680427,8.689757811895149
FAB_A,LITH01,1,5,-4,3,XSNH5ZA3,02/05/2017,11:14 AM,12.08161135198086,10.242480526512464
FAB_A,LITH03,2,22,-3,8,8MQ0KQOA,08/02/2017,02:16 PM,-1.5590814999680571,9.282138640132343
FAB_A,LITH05,1,8,1,6,CKOTYTPS,09/02/2017,09:02 AM,-21.29588052930364,10.392377300605718
FAB_A,LITH14,2,19,5,-2,HUROEK8I,12/28/2017,07:05 PM,-4.319934818076503,10.031855086322308
FAB_A,LITH06,1,8,-8,-9,ILGTYRUX,01/14/2017,09:04 PM,28.588555531779086,10.811450783957351
FAB_A,LITH02,1,9,1,-1,32C91C00,04/01/2017,05:58 PM,-26.218843923553624,10.223503640611435
FAB_A,LITH01,2,2,3,-4,T0GXP6NS,11/13/2017,11:26 AM,14.707778141734007,10.266627266025338
FAB_A,LITH14,1,10,-2,8,LCVE35BV,11/17/2017,06:18 AM,-24.309094431794666,9.640092625182733
FAB_A,LITH04,2,20,0,-9,ZRQ2SN4S,08/04/2017,07:39 PM,-9.119941027436115,10.555015716670715
FAB_A,LITH06,2,25,1,-6,CYOGH4U1,10/21/2017,10:25 AM,18.95715939532463,10.43110150195628
FAB_A,LITH12,2,20,1,0,4P2SN1XY,10/10/2017,12:58 PM,8.366273570595197,10.242420461414168
FAB_A,LITH06,2,2,6,0,45O47GD0,11/16/2017,10:57 PM,-33.07809135607903,9.855095998227629
FAB_A,LITH01,2,22,6,3,WCDISPOK,07/21/2017,03:35 AM,-0.5948964352649782,10.352070001685227
FAB_A,LITH05,2,6,-9,4,XPA8PBQ4,12/25/2017,02:51 AM,-32.72703703895022,9.209709776288832
FAB_A,LITH14,2,22,0,3,6N7SWJHV,07/12/2017,01:07 PM,-21.420939105104843,9.73922257034418
FAB_A,LITH06,1,19,-9,-8,RAC96AKM,11/19/2017,05:49 AM,-14.879440463753385,9.6808669842992
FAB_A,LITH12,2,12,7,-9,TZ70ZPBT,06/22/2017,03:31 AM,-8.89471671566696,10.58984151388934
FAB_A,LITH02,1,19,4,2,2HIWELKZ,03/05/2017,01:02 AM,33.88661736639236,9.51316057926742
FAB_A,LITH14,1,16,-4,-10,USRR0C0D,08/15/2017,04:14 AM,-23.62593635724673,9.9086175944033
FAB_A,LITH14,2,11,2,-1,6O10SOCM,07/31/2017,01:05 AM,-45.631464922524785,9.820656430735069
FAB_A,LITH14,1,25,4,5,9PHSB320,12/13/2017,01:21 PM,4.840203035239169,10.133833082098093
FAB_A,LITH01,2,23,-10,1,FG74VDAO,02/24/2017,11:53 AM,-39.02150762977753,10.153952480499724
FAB_A,LITH01,1,17,-5,-2,54M8J83K,06/06/2017,04:49 AM,-56.90571794338197,9.840924082128517
FAB_A,LITH04,1,24,7,6,1FFBF1M3,10/26/2017,12:50 PM,-17.349401834264377,9.840198768279425
FAB_A,LITH15,1,21,3,-4,WRAOQDBG,01/21/2017,12:45 PM,26.088157363224497,10.605932828919
FAB_A,LITH12,1,18,-4,3,3VVI5DLS,02/10/2017,11:49 AM,-11.738809002883462,9.852914138701058
FAB_A,LITH12,2,17,1,8,PKU94Z55,12/01/2017,10:50 AM,2.8060349764563743,9.260099880071806
FAB_A,LITH01,1,15,-5,-6,O1FUBLAU,11/04/2017,06:45 AM,-17.42483858683388,10.36231664002502
FAB_A,LITH01,2,17,-4,1,FUMLFMCH,03/21/2017,09:55 PM,7.13933371175394,10.358388940102333
FAB_A,LITH04,1,16,5,8,RIVDM9EF,08/24/2017,07:45 PM,14.563939743241303,10.072020496148182
FAB_A,LITH03,1,19,-2,2,7J5YP03Q,07/30/2017,08:27 PM,-9.268535364604789,9.973000530138009
FAB_A,LITH02,1,15,7,5,0Z70WFKW,04/22/2017,06:37 AM,,10.358155515879535
FAB_A,LITH01,2,8,-2,0,XJSGOJJ1,03/18/2017,06:59 AM,-32.21464619065597,10.648983857058116
FAB_A,LITH12,2,24,0,-4,5XX9OJV1,09/15/2017,11:08 PM,-36.924302227680776,9.722291625902601
FAB_A,LITH01,1,6,7,3,5S84RKGH,07/31/2017,10:19 PM,11.538842143366834,9.610571865931101
FAB_A,LITH03,1,17,-4,-8,UBR5F08I,03/17/2017,03:35 AM,-10.480711912685836,10.875640599070508
FAB_A,LITH05,1,1,-5,2,QDHAJJ9W,05/13/2017,02:11 AM,5.4918133790019645,10.852783721302652
FAB_A,LITH01,1,12,0,-5,2BXLNC5T,05/08/2017,07:16 AM,-10.113850840602328,10.219535632433567
FAB_A,LITH05,2,14,-9,-10,AADECHCF,04/21/2017,07:37 AM,2.8115546523152357,10.238219258544243
FAB_A,LITH15,2,9,7,-2,IR5QPKXY,05/10/2017,12:24 PM,15.2173981210525,10.249763939870085
FAB_A,LITH04,1,11,3,-8,UFJNY36B,12/21/2017,01:53 PM,-9.93482786086246,10.45979021888231
FAB_A,LITH06,1,24,-8,2,CS14K3I5,12/31/2017,06:30 PM,-8.505026039969962,10.040495122683117
FAB_A,LITH12,2,9,-9,9,ML7AJ6CM,11/19/2017,02:01 PM,-19.297956511277377,10.154582330060913
FAB_A,LITH03,2,21,-9,1,43EUODDN,08/01/2017,07:39 PM,8.65246622968718,10.538699363739651
FAB_A,LITH12,1,8,-9,3,7PSBWKSU,10/26/2017,02:25 PM,-11.053988798140526,10.36318293725262
FAB_A,LITH06,2,1,0,7,MY6T4I5A,03/15/2017,03:49 AM,-13.189642463815126,9.523406280646306
FAB_A,LITH01,1,19,-6,5,IAHR4DIP,12/27/2017,05:50 AM,31.42261662084143,9.531623702274636
FAB_A,LITH03,1,23,-2,1,0W6BABV5,12/24/2017,06:11 AM,19.183192587838345,9.692512306203982
FAB_A,LITH05,1,18,2,1,V33KUVOE,12/03/2017,02:26 PM,27.321468226895927,10.758254373920817
FAB_A,LITH03,2,22,5,-3,ZSF96VX4,10/02/2017,11:27 PM,-17.811224519686856,9.203036799660623
FAB_A,LITH04,2,12,-4,2,4JBAY2JU,12/22/2017,06:10 AM,13.733095376536951,9.933749260832979
FAB_A,LITH01,2,4,0,6,990XAUGX,09/23/2017,10:50 AM,-16.321453237548944,9.755477266005764
FAB_A,LITH01,2,9,-1,7,CK14S39U,06/06/2017,02:08 AM,28.792838204551625,9.66177171388914
FAB_A,LITH01,1,6,-9,-4,YPAZFIHO,10/02/2017,02:56 PM,25.670593961810866,10.362838024674112
FAB_A,LITH04,2,3,-10,-3,04D8H94Y,07/30/2017,06:33 PM,-21.026110521046107,9.925438449783007
FAB_A,LITH14,2,18,2,9,NCX151GI,10/29/2017,11:32 AM,-6.075726873459567,9.733291046464107
FAB_A,LITH12,1,10,-3,9,DVBOS1GY,08/05/2017,09:29 AM,47.66745910128651,9.762764051950677
FAB_A,LITH05,2,6,2,-6,9A8AS964,09/26/2017,10:24 AM,-34.24996824002029,10.540762597487486
FAB_A,LITH04,1,11,-4,7,QIWVFJWT,06/15/2017,11:57 AM,30.73317729449957,10.352609970984348
FAB_A,LITH12,1,3,1,-9,52TBUP71,02/05/2017,08:21 PM,50.976837858543604,
FAB_A,LITH01,1,13,-7,1,9LPR9GLU,10/14/2017,01:14 AM,48.46299736231414,10.10075505915653
FAB_A,LITH04,2,25,8,-7,O3270OIC,09/11/2017,02:12 PM,12.348844131453278,10.674153383364779
FAB_A,LITH02,2,14,-8,-1,81ZWNLBK,08/20/2017,10:49 PM,30.895848948115518,9.98215384069285
FAB_A,LITH06,1,24,6,-2,7P05XE7P,01/31/2017,02:36 PM,14.885086019517328,8.728542753635164
FAB_A,LITH01,2,2,4,9,DJWFMXFC,03/16/2017,08:46 PM,19.614026567214594,10.144094298317594
FAB_A,LITH04,1,7,5,-6,JLMJAP2Q,04/24/2017,10:43 AM,-17.44126404641336,10.155587234773542
FAB_A,LITH06,1,5,7,5,8VXJ5ZI3,11/18/2017,04:50 AM,6.468401049206364,10.878730248067203
FAB_A,LITH05,2,10,0,-1,V1PU3SSK,09/03/2017,12:18 AM,14.916464077905372,10.597966583811578
FAB_A,LITH01,1,12,-7,-8,4Q8KU7Q1,09/20/2017,04:16 AM,19.498474746025167,10.27126358772247
FAB_A,LITH02,2,16,-3,0,3GLD2TEV,12/18/2017,05:37 PM,0.18209902772091602,9.932379713030473
FAB_A,LITH02,2,23,-3,-6,ADOQIGYQ,03/05/2017,05:42 PM,14.94841901393611,10.313149373633749
FAB_A,LITH12,2,2,8,-6,9TTQFAUF,08/22/2017,02:06 AM,9.238802462346708,10.448643251258293
FAB_A,LITH14,1,14,-8,-1,F6XRH3TN,05/18/2017,09:21 AM,-17.956936959699796,9.662895858427591
FAB_A,LITH01,1,10,-7,6,MCJEJX2S,08/04/2017,01:21 AM,-20.843371303606432,9.426525108595373
FAB_A,LITH06,2,5,-10,6,EV5JRQ8Z,01/10/2017,04:27 PM,6.352709653939148,9.61471777885365
FAB_A,LITH12,2,11,-5,-6,VT30H22N,07/28/2017,10:50 PM,-40.25397950743013,9.94774879627101
FAB_A,LITH05,2,12,9,-1,7QTELJ7L,04/14/2017,07:46 PM,-21.247770898877896,10.015672581046541
FAB_A,LITH04,1,7,-3,-4,0DCWQ4FC,10/29/2017,05:07 PM,-21.947143379467594,10.211088245501946
FAB_A,LITH04,1,18,-1,-8,OJ6SKK1Z,03/12/2017,11:31 PM,8.084223670434861,9.402237699189874
FAB_A,LITH03,1,8,8,-1,9UK2GP89,01/06/2017,03:39 PM,-24.61211984187692,9.939682967905412
FAB_A,LITH02,2,14,-3,-8,3NWU6PSP,12/28/2017,06:53 PM,-31.432983224606385,9.245932607062935
FAB_A,LITH03,2,8,2,-8,8CELLTJS,09/17/2017,06:19 PM,1.0287197800824859,7.8421618464765
FAB_A,LITH15,1,5,3,9,5R53YDW5,10/08/2017,03:16 PM,-18.92880927942424,9.92425435105897
FAB_A,LITH02,2,1,7,-9,K4HWR6GQ,04/09/2017,03:20 AM,-20.199172199073928,9.851117715084369
FAB_A,LITH06,2,12,-8,6,MYVW34LP,10/21/2017,07:22 PM,-22.426779052427953,10.078588293535471
FAB_A,LITH05,2,8,-9,4,8AQK5160,09/25/2017,08:17 AM,-4.080112213669622,9.899858910195501
FAB_A,LITH15,1,9,-10,3,SNI2NQ14,11/01/2017,06:39 AM,-5.22842544036598,10.084573478137791
FAB_A,LITH05,2,1,0,-6,5T3O0T2K,03/05/2017,07:01 AM,-27.31648729231152,9.966719793144554
FAB_A,LITH04,2,12,4,5,TXXSQTL2,09/09/2017,11:23 PM,9.265709637301256,9.197728530349815
FAB_A,LITH14,1,17,9,8,GCT6XI5R,03/20/2017,02:20 PM,-0.39484563807884604,9.397164828011466
FAB_A,LITH06,2,7,-6,-5,E6W1CWKL,10/31/2017,04:31 AM,-16.713438104386153,9.509182235447803
